EmployeeID,Age,Department,JobRole,EducationField,JobLevel,TotalWorkingYears,YearsAtCompany,YearsInCurrentRole,YearsWithCurrManager,YearsSinceLastPromotion,TrainingTimesLastYear,PercentSalaryHike,PerformanceRating,JobSatisfaction,EnvironmentSatisfaction,WorkLifeBalance,MonthlyIncome,DistanceFromHome,Gender,MaritalStatus,OverTime,NumCompaniesWorked,Attrition,PromotionGapRatio,RoleStagnationIndex,TrainingIntensity,ManagerStability,CareerCluster,PromotionGapScore,StagnationComposite,RetentionOpportunity
1001,56,Research & Development,Healthcare Representative,Life Sciences,2,16,7,7,3,5,3,12,3,4,4,4,5640,8,Male,Married,Yes,7,1,0.7142857142857143,1.0,0.42857142857142855,0.42857142857142855,High-risk stagnation profiles,High,0.7857142857142857,False
1002,46,Sales,Sales Executive,Medical,3,22,14,11,0,7,3,11,4,2,4,2,10885,12,Female,Married,No,3,0,0.5,0.7857142857142857,0.21428571428571427,0.0,Stable long-term contributors,High,0.5928571428571427,True
1003,32,Sales,Manager,Marketing,3,6,6,4,5,3,2,14,3,3,4,4,6661,19,Male,Divorced,No,0,0,0.5,0.6666666666666666,0.3333333333333333,0.8333333333333334,Stable long-term contributors,High,0.6166666666666667,True
1004,60,Research & Development,Laboratory Technician,Technical Degree,5,33,32,32,13,21,4,16,3,3,2,1,10788,12,Male,Married,No,5,1,0.65625,1.0,0.125,0.40625,High-risk stagnation profiles,High,0.7906250000000001,False
1005,25,Research & Development,Healthcare Representative,Life Sciences,5,2,2,2,0,1,3,24,3,3,4,2,13714,22,Female,Married,Yes,7,1,0.5,1.0,1.5,0.0,High-risk stagnation profiles,High,0.6000000000000001,False
1006,38,Research & Development,Manager,Medical,3,10,10,5,6,4,4,15,3,4,4,2,6446,28,Female,Single,No,2,0,0.4,0.5,0.4,0.6,Fast-track performers,Medium,0.48000000000000004,True
1007,56,Sales,Sales Representative,Other,1,18,4,4,0,4,2,14,3,4,2,3,4378,2,Female,Married,No,1,0,1.0,1.0,0.5,0.0,Stable long-term contributors,High,0.8500000000000001,True
1008,36,Research & Development,Laboratory Technician,Life Sciences,4,14,4,0,1,0,3,24,3,4,3,2,11400,24,Male,Divorced,No,5,0,0.0,0.0,0.75,0.25,Fast-track performers,Low,0.05,False
1009,40,Research & Development,Laboratory Technician,Life Sciences,1,11,11,0,8,0,0,14,4,4,3,4,3162,8,Female,Single,No,0,0,0.0,0.0,0.0,0.7272727272727273,Fast-track performers,Low,0.17272727272727273,False
1010,28,Human Resources,Human Resources,Technical Degree,1,2,0,0,0,0,4,20,3,4,3,4,2533,28,Male,Married,No,4,0,0.0,0.0,4.0,0.0,Fast-track performers,Low,0.0,False
1011,28,Research & Development,Manufacturing Director,Medical,4,4,1,1,1,1,3,25,3,4,4,3,10649,13,Female,Married,No,5,1,1.0,1.0,3.0,1.0,High-risk stagnation profiles,High,0.9,False
1012,41,Sales,Sales Executive,Marketing,1,13,5,1,2,0,4,17,3,2,4,3,3051,1,Male,Married,Yes,7,0,0.0,0.2,0.8,0.4,Stable long-term contributors,Low,0.14,False
1013,53,Human Resources,Manager,Other,1,26,13,11,5,9,3,17,3,3,4,4,5109,3,Female,Married,Yes,6,0,0.6923076923076923,0.8461538461538461,0.23076923076923078,0.38461538461538464,High-risk stagnation profiles,High,0.7307692307692307,True
1014,57,Research & Development,Research Scientist,Medical,1,16,10,6,6,5,4,12,3,2,4,4,3509,2,Male,Single,No,5,0,0.5,0.6,0.4,0.6,High-risk stagnation profiles,High,0.56,True
1015,41,Sales,Manager,Other,4,19,3,1,0,1,3,23,3,1,3,3,9547,23,Female,Married,No,1,0,0.3333333333333333,0.3333333333333333,1.0,0.0,Stable long-term contributors,Medium,0.26666666666666666,False
1016,20,Research & Development,Research Scientist,Life Sciences,2,0,1,1,0,0,0,17,3,2,3,3,5175,23,Female,Single,No,7,0,0.0,1.0,0.0,0.0,High-risk stagnation profiles,Medium,0.5,True
1017,39,Sales,Manager,Technical Degree,3,7,4,0,3,0,2,12,3,1,4,3,6289,20,Male,Married,No,7,1,0.0,0.0,0.5,0.75,Fast-track performers,Low,0.125,False
1018,19,Research & Development,Research Scientist,Technical Degree,1,0,0,0,0,0,3,14,3,4,3,3,1825,28,Male,Married,Yes,4,0,0.0,0.0,3.0,0.0,Fast-track performers,Low,0.0,False
1019,41,Sales,Sales Representative,Human Resources,3,14,8,8,1,5,3,25,3,3,2,2,9242,28,Female,Divorced,No,2,0,0.625,1.0,0.375,0.125,Stable long-term contributors,High,0.725,True
1020,47,Research & Development,Research Director,Marketing,3,20,8,3,2,2,1,11,3,2,3,3,9491,8,Male,Single,Yes,7,1,0.25,0.375,0.125,0.25,Fast-track performers,Medium,0.36250000000000004,False
1021,55,Sales,Sales Representative,Technical Degree,1,25,23,20,15,20,4,15,3,4,1,1,3888,3,Male,Married,No,4,0,0.8695652173913043,0.8695652173913043,0.17391304347826086,0.6521739130434783,Stable long-term contributors,High,0.8434782608695651,True
1022,19,Sales,Sales Representative,Life Sciences,2,2,2,1,2,1,3,11,3,4,4,3,4206,25,Female,Married,No,2,1,0.5,0.5,1.5,1.0,Stable long-term contributors,Medium,0.5,False
1023,38,Research & Development,Manager,Marketing,1,14,9,9,4,6,3,14,3,4,2,3,3568,21,Female,Single,No,8,0,0.6666666666666666,1.0,0.3333333333333333,0.4444444444444444,High-risk stagnation profiles,High,0.7777777777777778,True
1024,50,Sales,Sales Representative,Medical,5,27,15,12,10,5,2,23,4,3,2,4,11215,29,Male,Married,No,8,0,0.3333333333333333,0.8,0.13333333333333333,0.6666666666666666,Stable long-term contributors,High,0.6066666666666667,True
1025,29,Research & Development,Research Scientist,Technical Degree,2,12,10,7,1,3,3,19,3,3,4,4,5987,15,Male,Single,No,6,0,0.3,0.7,0.3,0.1,High-risk stagnation profiles,Medium,0.48,True
1026,39,Research & Development,Laboratory Technician,Marketing,5,13,10,1,3,1,0,23,4,2,4,3,13808,2,Male,Single,No,7,0,0.1,0.1,0.0,0.3,Fast-track performers,Medium,0.21000000000000002,True
1027,42,Research & Development,Research Scientist,Life Sciences,1,18,3,2,0,2,1,22,3,2,4,3,3499,25,Male,Single,No,4,0,0.6666666666666666,0.6666666666666666,0.3333333333333333,0.0,High-risk stagnation profiles,High,0.6,True
1028,44,Research & Development,Manager,Human Resources,3,15,15,14,3,12,4,18,4,2,3,2,9870,17,Male,Married,No,4,0,0.8,0.9333333333333333,0.26666666666666666,0.2,High-risk stagnation profiles,High,0.7866666666666667,True
1029,59,Research & Development,Research Director,Other,3,20,0,0,0,0,3,16,3,3,4,3,10318,27,Female,Divorced,No,4,0,0.0,0.0,3.0,0.0,Fast-track performers,Low,0.0,False
1030,45,Sales,Sales Executive,Other,3,19,15,11,15,5,3,25,3,4,4,1,10337,24,Female,Single,No,1,0,0.3333333333333333,0.7333333333333333,0.2,1.0,Stable long-term contributors,High,0.6066666666666666,True
1031,33,Research & Development,Research Director,Life Sciences,5,10,2,2,2,2,2,18,3,1,3,2,16674,6,Male,Divorced,No,2,1,1.0,1.0,1.0,1.0,High-risk stagnation profiles,High,0.9,False
1032,32,Sales,Manager,Life Sciences,2,7,7,0,6,0,3,15,3,2,4,3,6092,28,Female,Married,No,7,0,0.0,0.0,0.42857142857142855,0.8571428571428571,Fast-track performers,Low,0.14285714285714285,False
1033,20,Research & Development,Research Scientist,Other,1,2,2,1,1,1,1,17,3,2,2,2,3286,1,Male,Married,No,5,0,0.5,0.5,0.5,0.5,High-risk stagnation profiles,Medium,0.5,True
1034,54,Sales,Sales Executive,Human Resources,3,29,25,13,11,6,3,18,3,4,4,1,10770,4,Male,Married,No,8,0,0.24,0.52,0.12,0.44,Stable long-term contributors,Medium,0.43600000000000005,True
1035,24,Human Resources,Human Resources,Marketing,3,1,1,1,0,1,3,17,3,3,3,4,8516,19,Male,Divorced,No,6,0,1.0,1.0,3.0,0.0,High-risk stagnation profiles,High,0.8,True
1036,38,Research & Development,Manufacturing Director,Other,2,6,6,3,1,3,3,24,3,3,3,2,4281,7,Male,Married,No,5,1,0.5,0.5,0.5,0.16666666666666666,High-risk stagnation profiles,Medium,0.4666666666666667,False
1037,26,Sales,Sales Executive,Life Sciences,1,1,0,0,0,0,6,14,4,1,1,1,1934,23,Male,Divorced,Yes,3,1,0.0,0.0,6.0,0.0,Fast-track performers,Low,0.0,False
1038,56,Research & Development,Manufacturing Director,Technical Degree,2,21,0,0,0,0,3,15,3,3,3,1,7547,22,Female,Divorced,No,6,0,0.0,0.0,3.0,0.0,Fast-track performers,Low,0.0,False
1039,35,Sales,Sales Representative,Medical,1,10,9,3,7,1,3,23,3,1,3,2,3138,14,Female,Single,No,3,1,0.1111111111111111,0.3333333333333333,0.3333333333333333,0.7777777777777778,Stable long-term contributors,Medium,0.32222222222222224,False
1040,21,Research & Development,Healthcare Representative,Human Resources,2,0,1,0,1,0,3,24,3,3,4,2,5881,26,Female,Divorced,No,6,0,0.0,0.0,3.0,1.0,Fast-track performers,Low,0.1,False
1041,42,Sales,Sales Representative,Human Resources,2,18,8,5,5,2,2,20,3,1,4,3,5881,14,Male,Divorced,No,4,0,0.25,0.625,0.25,0.625,Stable long-term contributors,Medium,0.4875,False
1042,31,Research & Development,Manufacturing Director,Technical Degree,3,5,3,1,1,1,5,16,3,4,4,2,7422,10,Male,Single,No,1,0,0.3333333333333333,0.3333333333333333,1.6666666666666667,0.3333333333333333,Fast-track performers,Medium,0.3,True
1043,26,Research & Development,Research Director,Technical Degree,1,4,2,1,2,1,3,24,3,3,2,4,3063,28,Female,Divorced,No,6,0,0.5,0.5,1.5,1.0,High-risk stagnation profiles,Medium,0.5,True
1044,43,Sales,Manager,Life Sciences,2,9,5,0,0,0,2,24,3,4,4,2,6878,24,Male,Married,Yes,7,0,0.0,0.0,0.4,0.0,Fast-track performers,Low,0.06,False
1045,19,Research & Development,Research Scientist,Other,1,3,3,1,0,0,4,22,4,3,3,3,2185,7,Female,Divorced,No,9,0,0.0,0.3333333333333333,1.3333333333333333,0.0,Fast-track performers,Low,0.13333333333333333,False
1046,37,Research & Development,Manager,Marketing,1,13,9,8,2,8,0,21,3,3,4,3,3771,16,Female,Divorced,Yes,1,1,0.8888888888888888,0.8888888888888888,0.0,0.2222222222222222,High-risk stagnation profiles,High,0.8333333333333334,False
1047,45,Research & Development,Healthcare Representative,Human Resources,3,16,16,3,15,3,6,16,3,1,2,3,9832,4,Female,Divorced,Yes,5,0,0.1875,0.1875,0.375,0.9375,Fast-track performers,Medium,0.30625,False
1048,24,Research & Development,Manufacturing Director,Human Resources,4,0,1,1,0,1,5,23,3,3,3,3,8967,7,Male,Divorced,No,3,0,1.0,1.0,5.0,0.0,High-risk stagnation profiles,High,0.8,True
1049,25,Research & Development,Research Director,Technical Degree,2,0,0,0,0,0,3,19,3,3,4,4,4595,15,Female,Single,No,4,0,0.0,0.0,3.0,0.0,Fast-track performers,Low,0.0,False
1050,52,Research & Development,Research Scientist,Other,3,15,6,0,1,0,1,20,3,3,4,2,6504,17,Female,Single,No,0,0,0.0,0.0,0.16666666666666666,0.16666666666666666,Fast-track performers,Low,0.1,False
1051,31,Research & Development,Laboratory Technician,Human Resources,4,10,2,1,2,1,2,24,3,4,4,3,8106,3,Male,Single,No,5,0,0.5,0.5,1.0,1.0,High-risk stagnation profiles,Medium,0.5,True
1052,34,Research & Development,Laboratory Technician,Marketing,4,9,8,7,0,4,2,24,3,4,4,4,10462,16,Female,Single,No,7,1,0.5,0.875,0.25,0.0,High-risk stagnation profiles,High,0.625,False
1053,53,Sales,Sales Executive,Technical Degree,1,22,5,5,3,5,2,12,3,4,2,1,3618,2,Male,Married,No,1,0,1.0,1.0,0.4,0.6,Stable long-term contributors,High,0.9200000000000002,True
1054,57,Research & Development,Research Scientist,Marketing,5,25,20,7,9,7,3,16,3,1,4,1,11382,7,Male,Married,No,0,1,0.35,0.35,0.15,0.45,Fast-track performers,Medium,0.41,False
1055,21,Research & Development,Healthcare Representative,Other,2,0,1,1,1,1,5,23,4,3,3,2,5971,25,Female,Married,Yes,8,1,1.0,1.0,5.0,1.0,High-risk stagnation profiles,High,0.9,False
1056,19,Research & Development,Manufacturing Director,Human Resources,1,0,1,0,1,0,3,13,3,1,1,3,2599,16,Male,Married,No,1,1,0.0,0.0,3.0,1.0,Fast-track performers,Low,0.1,False
1057,23,Research & Development,Research Scientist,Medical,1,3,3,1,1,1,4,24,3,4,1,2,2841,21,Male,Divorced,No,7,0,0.3333333333333333,0.3333333333333333,1.3333333333333333,0.3333333333333333,Fast-track performers,Medium,0.3,True
1058,59,Sales,Manager,Human Resources,2,24,18,15,10,13,4,12,3,3,1,2,5123,9,Male,Married,No,4,0,0.7222222222222222,0.8333333333333334,0.2222222222222222,0.5555555555555556,High-risk stagnation profiles,High,0.7555555555555555,True
1059,21,Research & Development,Laboratory Technician,Other,1,0,1,1,1,1,5,16,3,1,4,3,2960,12,Male,Married,Yes,1,1,1.0,1.0,5.0,1.0,High-risk stagnation profiles,High,0.9,False
1060,46,Research & Development,Research Director,Human Resources,1,11,1,0,1,0,0,14,3,4,1,3,3843,29,Male,Single,No,4,0,0.0,0.0,0.0,1.0,Fast-track performers,Medium,0.2,True
1061,35,Sales,Sales Executive,Human Resources,1,6,5,3,4,2,3,15,3,3,3,2,2909,24,Female,Single,No,8,0,0.4,0.6,0.6,0.8,Stable long-term contributors,Medium,0.52,True
1062,43,Sales,Manager,Life Sciences,3,18,9,7,8,3,4,15,3,3,3,2,10367,1,Male,Married,No,5,0,0.3333333333333333,0.7777777777777778,0.4444444444444444,0.8888888888888888,Stable long-term contributors,High,0.5888888888888889,True
1063,51,Research & Development,Research Director,Human Resources,4,14,11,8,2,5,4,13,3,1,3,3,12960,14,Female,Married,No,2,0,0.45454545454545453,0.7272727272727273,0.36363636363636365,0.18181818181818182,High-risk stagnation profiles,Medium,0.5545454545454546,False
1064,27,Sales,Sales Executive,Human Resources,1,3,3,3,2,2,5,22,3,3,4,4,2982,11,Female,Married,No,7,0,0.6666666666666666,1.0,1.6666666666666667,0.6666666666666666,Stable long-term contributors,High,0.7333333333333334,True
1065,53,Sales,Sales Executive,Marketing,4,11,6,0,0,0,4,14,3,4,4,3,12164,18,Male,Married,No,0,0,0.0,0.0,0.6666666666666666,0.0,Stable long-term contributors,Low,0.03333333333333334,False
1066,31,Research & Development,Healthcare Representative,Medical,4,7,7,2,3,2,2,13,3,3,3,3,8124,22,Male,Married,No,8,0,0.2857142857142857,0.2857142857142857,0.2857142857142857,0.42857142857142855,Fast-track performers,Medium,0.34285714285714286,True
1067,48,Sales,Manager,Marketing,3,23,9,4,4,2,3,17,4,4,3,3,7913,5,Male,Single,Yes,8,0,0.2222222222222222,0.4444444444444444,0.3333333333333333,0.4444444444444444,Stable long-term contributors,Medium,0.3777777777777778,True
1068,32,Sales,Sales Executive,Marketing,1,8,7,5,6,5,0,25,3,1,3,2,2476,15,Female,Married,No,3,1,0.7142857142857143,0.7142857142857143,0.0,0.8571428571428571,Stable long-term contributors,High,0.7571428571428572,False
1069,25,Research & Development,Healthcare Representative,Technical Degree,3,3,0,0,0,0,3,11,3,3,4,3,5681,27,Male,Single,No,7,0,0.0,0.0,3.0,0.0,Fast-track performers,Low,0.0,False
1070,31,Research & Development,Research Scientist,Life Sciences,5,3,3,1,1,0,3,25,3,4,2,4,10347,7,Female,Married,No,2,0,0.0,0.3333333333333333,1.0,0.3333333333333333,Fast-track performers,Low,0.16666666666666666,False
1071,40,Research & Development,Manager,Marketing,3,13,7,1,1,1,4,16,3,3,2,3,10087,25,Female,Divorced,No,5,0,0.14285714285714285,0.14285714285714285,0.5714285714285714,0.14285714285714285,Fast-track performers,Low,0.17142857142857143,False
1072,57,Sales,Sales Executive,Other,1,16,14,7,7,6,5,14,3,1,4,4,3063,14,Female,Single,Yes,9,0,0.42857142857142855,0.5,0.35714285714285715,0.5,Stable long-term contributors,Medium,0.4857142857142857,False
1073,38,Human Resources,Human Resources,Other,2,15,9,5,7,4,4,11,3,3,3,4,7008,20,Female,Married,No,9,0,0.4444444444444444,0.5555555555555556,0.4444444444444444,0.7777777777777778,High-risk stagnation profiles,Medium,0.5333333333333334,True
1074,33,Sales,Manager,Human Resources,2,9,2,1,2,1,3,11,3,3,4,1,5730,8,Female,Married,Yes,7,0,0.5,0.5,1.5,1.0,Stable long-term contributors,Medium,0.5,True
1075,35,Research & Development,Manufacturing Director,Technical Degree,2,13,13,3,13,2,2,15,3,4,2,1,5346,4,Male,Married,Yes,8,0,0.15384615384615385,0.23076923076923078,0.15384615384615385,1.0,Fast-track performers,Medium,0.3384615384615385,True
1076,41,Research & Development,Healthcare Representative,Life Sciences,1,12,10,6,9,5,5,24,3,4,4,2,3490,3,Female,Single,No,7,0,0.5,0.6,0.5,0.9,High-risk stagnation profiles,High,0.58,True
1077,43,Research & Development,Research Director,Life Sciences,1,19,17,6,8,4,2,15,3,4,1,3,3771,12,Male,Divorced,No,8,0,0.23529411764705882,0.35294117647058826,0.11764705882352941,0.47058823529411764,Fast-track performers,Medium,0.37058823529411766,True
1078,42,Research & Development,Laboratory Technician,Human Resources,3,8,3,2,1,2,2,20,3,4,3,2,9883,18,Male,Single,No,3,0,0.6666666666666666,0.6666666666666666,0.6666666666666666,0.3333333333333333,High-risk stagnation profiles,High,0.6,True
1079,58,Research & Development,Research Scientist,Other,4,33,26,7,25,3,2,17,3,2,2,4,14150,24,Male,Married,No,9,1,0.11538461538461539,0.2692307692307692,0.07692307692307693,0.9615384615384616,Fast-track performers,Medium,0.3423076923076923,False
1080,46,Sales,Sales Executive,Medical,1,7,0,0,0,0,3,23,3,3,4,1,2344,15,Male,Married,Yes,0,0,0.0,0.0,3.0,0.0,Fast-track performers,Low,0.0,False
1081,32,Research & Development,Manager,Technical Degree,5,4,0,0,0,0,1,22,3,4,4,2,15937,11,Male,Single,No,6,0,0.0,0.0,1.0,0.0,Fast-track performers,Low,0.0,False
1082,18,Sales,Manager,Human Resources,1,0,0,0,0,0,5,14,3,4,3,2,2809,24,Male,Single,No,9,1,0.0,0.0,5.0,0.0,Fast-track performers,Low,0.0,False
1083,42,Research & Development,Healthcare Representative,Technical Degree,3,6,1,0,1,0,6,24,3,1,4,4,6217,11,Male,Single,No,3,0,0.0,0.0,6.0,1.0,Fast-track performers,Low,0.1,False
1084,24,Research & Development,Research Scientist,Other,3,3,2,0,2,0,6,19,3,3,4,3,8391,12,Male,Married,Yes,0,0,0.0,0.0,3.0,1.0,Fast-track performers,Low,0.1,False
1085,26,Research & Development,Manufacturing Director,Other,3,2,2,1,0,0,0,14,3,2,4,4,8215,19,Female,Single,No,2,0,0.0,0.5,0.0,0.0,Fast-track performers,Medium,0.30000000000000004,True
1086,41,Research & Development,Laboratory Technician,Medical,5,21,7,5,7,4,5,17,4,2,4,4,11586,17,Male,Divorced,No,6,0,0.5714285714285714,0.7142857142857143,0.7142857142857143,1.0,High-risk stagnation profiles,High,0.6428571428571429,True
1087,18,Sales,Sales Representative,Medical,1,0,1,1,0,1,6,15,4,3,1,3,2862,29,Male,Single,No,2,1,1.0,1.0,6.0,0.0,Stable long-term contributors,High,0.8,False
1088,25,Research & Development,Manufacturing Director,Life Sciences,4,2,2,0,1,0,5,25,3,3,4,2,7803,6,Female,Divorced,Yes,0,0,0.0,0.0,2.5,0.5,Fast-track performers,Low,0.05,False
1089,41,Sales,Sales Executive,Technical Degree,1,10,9,3,3,3,4,15,4,1,3,2,2931,21,Male,Divorced,No,6,1,0.3333333333333333,0.3333333333333333,0.4444444444444444,0.3333333333333333,Stable long-term contributors,Medium,0.35555555555555557,False
1090,28,Research & Development,Healthcare Representative,Technical Degree,3,3,1,1,0,1,4,16,3,4,1,2,5610,8,Female,Married,No,7,0,1.0,1.0,4.0,0.0,High-risk stagnation profiles,High,0.8,True
1091,34,Sales,Manager,Other,3,6,6,3,2,2,1,18,3,4,2,3,9897,15,Female,Married,No,4,1,0.3333333333333333,0.5,0.16666666666666666,0.3333333333333333,Stable long-term contributors,Medium,0.45000000000000007,False
1092,25,Research & Development,Research Scientist,Life Sciences,3,2,0,0,0,0,5,25,4,4,4,1,8726,22,Male,Single,No,5,0,0.0,0.0,5.0,0.0,Fast-track performers,Low,0.0,False
1093,52,Sales,Sales Executive,Human Resources,1,31,20,20,4,11,1,15,3,2,4,1,4564,20,Female,Divorced,Yes,2,0,0.55,1.0,0.05,0.2,Stable long-term contributors,High,0.7350000000000001,True
1094,52,Sales,Sales Representative,Technical Degree,4,14,13,11,1,5,3,25,3,3,4,3,9850,26,Female,Married,No,4,0,0.38461538461538464,0.8461538461538461,0.23076923076923078,0.07692307692307693,Stable long-term contributors,High,0.5769230769230769,True
1095,50,Research & Development,Research Director,Life Sciences,1,19,4,0,1,0,6,13,3,3,4,3,2912,10,Male,Divorced,No,2,0,0.0,0.0,1.5,0.25,Fast-track performers,Low,0.025,False
1096,22,Research & Development,Research Director,Life Sciences,1,1,0,0,0,0,3,16,3,2,4,3,2923,28,Female,Married,Yes,1,0,0.0,0.0,3.0,0.0,Fast-track performers,Low,0.0,False
1097,59,Sales,Manager,Other,3,15,6,5,3,3,1,24,3,3,1,3,6976,15,Female,Divorced,No,6,0,0.5,0.8333333333333334,0.16666666666666666,0.5,Stable long-term contributors,High,0.6666666666666669,True
1098,56,Human Resources,Manager,Life Sciences,2,15,8,8,4,4,6,22,3,4,2,4,6965,12,Female,Married,No,9,1,0.5,1.0,0.75,0.5,High-risk stagnation profiles,High,0.6750000000000002,False
1100,45,Sales,Sales Executive,Medical,2,20,6,3,5,1,2,12,3,4,1,2,7135,18,Male,Single,No,7,0,0.16666666666666666,0.5,0.3333333333333333,0.8333333333333334,Stable long-term contributors,Medium,0.41666666666666674,True
1101,24,Sales,Sales Representative,Marketing,1,5,0,0,0,0,5,22,3,4,2,3,2397,24,Female,Married,No,0,0,0.0,0.0,5.0,0.0,Fast-track performers,Low,0.0,False
1102,26,Sales,Manager,Other,4,3,1,0,1,0,3,22,4,4,3,4,9471,5,Female,Married,No,1,0,0.0,0.0,3.0,1.0,Fast-track performers,Low,0.1,False
1103,25,Human Resources,Manager,Human Resources,2,2,2,2,1,1,3,18,3,4,4,1,5042,12,Female,Married,No,1,0,0.5,1.0,1.5,0.5,High-risk stagnation profiles,High,0.6500000000000001,True
1104,29,Sales,Sales Representative,Marketing,1,7,5,2,4,2,2,18,3,3,4,3,3064,24,Male,Married,Yes,2,0,0.4,0.4,0.4,0.8,Stable long-term contributors,Medium,0.4600000000000001,True
1105,51,Research & Development,Research Scientist,Medical,3,11,0,0,0,0,0,25,3,4,3,3,8926,5,Male,Married,No,6,0,0.0,0.0,0.0,0.0,Fast-track performers,Low,0.1,False
1106,50,Research & Development,Healthcare Representative,Marketing,2,18,3,1,2,0,2,13,3,3,4,2,6675,22,Female,Single,No,6,0,0.0,0.3333333333333333,0.6666666666666666,0.6666666666666666,Fast-track performers,Medium,0.23333333333333334,True
1107,40,Research & Development,Research Director,Other,2,15,7,1,5,1,1,22,3,4,3,4,5835,29,Female,Married,Yes,6,0,0.14285714285714285,0.14285714285714285,0.14285714285714285,0.7142857142857143,Fast-track performers,Medium,0.27142857142857146,True
1108,41,Sales,Manager,Other,2,13,6,4,2,2,5,18,3,2,4,2,6988,10,Female,Married,Yes,0,1,0.3333333333333333,0.6666666666666666,0.8333333333333334,0.3333333333333333,Stable long-term contributors,Medium,0.45,False
1109,54,Sales,Sales Executive,Life Sciences,4,11,2,1,0,1,4,19,3,2,3,3,8218,14,Female,Single,No,1,0,0.5,0.5,2.0,0.0,Stable long-term contributors,Medium,0.4,True
1110,52,Research & Development,Research Director,Technical Degree,4,10,9,2,5,2,5,15,4,3,2,3,10413,16,Male,Married,Yes,7,0,0.2222222222222222,0.2222222222222222,0.5555555555555556,0.5555555555555556,Fast-track performers,Medium,0.2777777777777778,True
1111,57,Sales,Sales Representative,Life Sciences,3,13,2,1,0,1,4,15,3,2,4,3,9812,5,Female,Single,Yes,8,1,0.5,0.5,2.0,0.0,Stable long-term contributors,Medium,0.4,False
1112,39,Sales,Sales Executive,Other,1,10,10,0,3,0,1,16,3,3,3,2,2589,11,Male,Single,No,9,0,0.0,0.0,0.1,0.3,Stable long-term contributors,Low,0.12000000000000001,False
1113,44,Research & Development,Healthcare Representative,Medical,4,19,2,2,1,1,5,17,3,3,3,2,12652,19,Male,Married,No,6,1,0.5,1.0,2.5,0.5,High-risk stagnation profiles,High,0.6500000000000001,False
1114,52,Research & Development,Laboratory Technician,Human Resources,3,18,16,9,1,7,5,13,3,4,2,1,9968,26,Male,Divorced,Yes,0,0,0.4375,0.5625,0.3125,0.0625,High-risk stagnation profiles,Medium,0.475,True
1115,18,Research & Development,Manufacturing Director,Medical,3,0,0,0,0,0,3,15,3,3,4,2,8175,8,Female,Married,No,3,0,0.0,0.0,3.0,0.0,Fast-track performers,Low,0.0,False
1116,52,Research & Development,Healthcare Representative,Life Sciences,2,18,9,5,6,4,1,11,3,3,4,2,4742,19,Female,Divorced,No,9,1,0.4444444444444444,0.5555555555555556,0.1111111111111111,0.6666666666666666,High-risk stagnation profiles,Medium,0.5555555555555556,False
1117,54,Research & Development,Manager,Human Resources,4,18,16,8,12,6,4,21,3,2,1,4,9561,20,Male,Married,No,7,0,0.375,0.5,0.25,0.75,Fast-track performers,Medium,0.5,True
1118,31,Research & Development,Healthcare Representative,Other,3,8,5,2,2,1,4,20,3,3,4,3,7497,22,Male,Divorced,No,4,0,0.2,0.4,0.8,0.4,Fast-track performers,Medium,0.30000000000000004,True
1119,20,Research & Development,Healthcare Representative,Medical,1,0,1,0,0,0,5,15,3,3,1,3,2127,18,Female,Married,Yes,0,1,0.0,0.0,5.0,0.0,Fast-track performers,Low,0.0,False
1120,18,Research & Development,Research Director,Other,2,0,1,0,0,0,1,14,3,4,3,3,6295,23,Male,Divorced,Yes,6,0,0.0,0.0,1.0,0.0,Fast-track performers,Low,0.0,False
1121,22,Research & Development,Healthcare Representative,Human Resources,4,0,0,0,0,0,1,11,4,1,2,3,10849,21,Male,Married,No,5,0,0.0,0.0,1.0,0.0,Fast-track performers,Low,0.0,False
1122,43,Research & Development,Manager,Human Resources,1,14,4,2,4,1,3,17,3,2,4,4,2900,12,Male,Married,Yes,8,0,0.25,0.5,0.75,1.0,Fast-track performers,Medium,0.42500000000000004,True
1123,31,Sales,Sales Representative,Medical,5,8,3,3,1,2,3,25,3,3,1,2,16204,26,Female,Single,No,3,0,0.6666666666666666,1.0,1.0,0.3333333333333333,Stable long-term contributors,High,0.7000000000000001,True
1124,56,Research & Development,Research Scientist,Other,3,26,20,20,7,11,0,11,3,3,3,4,9961,13,Female,Divorced,No,3,0,0.55,1.0,0.0,0.35,High-risk stagnation profiles,High,0.7550000000000001,True
1125,44,Sales,Sales Executive,Marketing,2,22,22,20,2,17,3,23,3,3,2,3,6158,21,Male,Married,No,7,0,0.7727272727272727,0.9090909090909091,0.13636363636363635,0.09090909090909091,Stable long-term contributors,High,0.7681818181818181,True
1126,26,Human Resources,Manager,Other,1,6,5,4,0,3,3,18,3,4,1,4,2785,21,Male,Divorced,No,3,0,0.6,0.8,0.6,0.0,High-risk stagnation profiles,High,0.6000000000000001,True
1127,32,Research & Development,Manufacturing Director,Human Resources,1,7,3,3,0,3,4,24,3,2,4,3,2636,29,Male,Single,No,2,0,1.0,1.0,1.3333333333333333,0.0,High-risk stagnation profiles,High,0.8,True
1128,32,Research & Development,Manufacturing Director,Other,5,8,8,6,1,4,3,20,3,3,2,3,16492,29,Male,Single,No,6,1,0.5,0.75,0.375,0.125,High-risk stagnation profiles,High,0.575,False
1129,43,Research & Development,Research Director,Life Sciences,1,7,5,4,1,3,3,22,3,3,2,2,3022,18,Male,Married,No,4,0,0.6,0.8,0.6,0.2,High-risk stagnation profiles,High,0.6200000000000001,True
1130,59,Research & Development,Research Scientist,Marketing,3,16,16,6,5,6,4,12,4,2,2,1,10522,27,Female,Married,No,8,0,0.375,0.375,0.25,0.3125,Fast-track performers,Medium,0.40625000000000006,True
1131,30,Research & Development,Research Scientist,Technical Degree,2,6,0,0,0,0,6,20,3,4,3,3,4861,29,Female,Divorced,Yes,4,0,0.0,0.0,6.0,0.0,Fast-track performers,Low,0.0,False
1132,49,Research & Development,Manager,Life Sciences,1,23,9,8,7,5,2,23,3,3,4,4,4646,15,Female,Married,Yes,8,1,0.5555555555555556,0.8888888888888888,0.2222222222222222,0.7777777777777778,High-risk stagnation profiles,High,0.7333333333333334,False
1133,56,Research & Development,Manager,Technical Degree,1,22,6,4,6,4,2,22,3,3,1,3,3605,15,Female,Single,Yes,5,1,0.6666666666666666,0.6666666666666666,0.3333333333333333,1.0,High-risk stagnation profiles,High,0.7,False
1134,49,Research & Development,Laboratory Technician,Medical,2,11,2,1,1,0,5,15,4,4,2,2,6939,12,Male,Married,Yes,5,0,0.0,0.5,2.5,0.5,Fast-track performers,Medium,0.25,True
1135,21,Research & Development,Research Director,Technical Degree,5,3,1,0,1,0,3,23,3,2,3,4,15615,26,Male,Married,No,5,0,0.0,0.0,3.0,1.0,Fast-track performers,Low,0.1,False
1136,47,Sales,Manager,Other,2,8,5,3,4,1,4,16,3,4,2,3,5248,9,Female,Married,No,6,0,0.2,0.6,0.8,0.8,Stable long-term contributors,Medium,0.42000000000000004,True
1137,54,Research & Development,Research Director,Technical Degree,2,18,5,3,2,1,3,19,3,3,4,2,7237,19,Male,Divorced,No,3,0,0.2,0.6,0.6,0.4,Fast-track performers,Medium,0.4,True
1138,40,Research & Development,Laboratory Technician,Human Resources,1,10,6,1,5,0,2,25,3,3,4,1,3410,12,Female,Single,No,3,0,0.0,0.16666666666666666,0.3333333333333333,0.8333333333333334,Fast-track performers,Medium,0.2166666666666667,True
1139,56,Research & Development,Manager,Life Sciences,2,21,4,1,4,1,4,24,3,4,3,2,7679,23,Male,Married,No,8,0,0.25,0.25,1.0,1.0,Fast-track performers,Medium,0.30000000000000004,True
1140,32,Human Resources,Human Resources,Life Sciences,2,4,1,0,0,0,4,17,3,4,2,4,4681,5,Female,Married,Yes,6,0,0.0,0.0,4.0,0.0,Fast-track performers,Low,0.0,False
1141,60,Research & Development,Research Director,Technical Degree,4,26,16,8,14,5,3,16,3,3,4,4,11808,26,Male,Single,No,9,0,0.3125,0.5,0.1875,0.875,Fast-track performers,Medium,0.49375,True
1142,46,Research & Development,Manager,Life Sciences,2,14,12,8,9,7,1,15,3,4,4,2,6906,26,Male,Married,Yes,5,1,0.5833333333333334,0.6666666666666666,0.08333333333333333,0.75,High-risk stagnation profiles,High,0.6666666666666667,False
1143,53,Sales,Sales Representative,Human Resources,2,33,29,23,26,15,6,16,3,3,3,2,8086,21,Female,Married,No,0,0,0.5172413793103449,0.7931034482758621,0.20689655172413793,0.896551724137931,Stable long-term contributors,High,0.6931034482758622,True
1144,30,Research & Development,Manager,Life Sciences,1,9,8,7,0,7,3,25,3,3,4,3,2898,20,Male,Married,Yes,6,1,0.875,0.875,0.375,0.0,High-risk stagnation profiles,High,0.7625000000000001,False
1145,49,Human Resources,Human Resources,Technical Degree,5,14,4,0,0,0,3,24,3,1,4,4,15593,10,Male,Married,No,5,0,0.0,0.0,0.75,0.0,Fast-track performers,Low,0.025,False
1146,24,Sales,Sales Representative,Marketing,1,2,2,1,2,1,5,21,3,1,3,3,1964,22,Female,Single,No,3,0,0.5,0.5,2.5,1.0,Stable long-term contributors,Medium,0.5,False
1147,39,Sales,Sales Representative,Marketing,1,17,15,11,12,11,3,14,3,4,2,3,3641,7,Male,Divorced,No,7,1,0.7333333333333333,0.7333333333333333,0.2,0.8,Stable long-term contributors,High,0.7466666666666668,False
1148,45,Sales,Manager,Medical,3,10,9,8,2,7,4,11,3,1,4,2,6977,23,Female,Married,Yes,6,0,0.7777777777777778,0.8888888888888888,0.4444444444444444,0.2222222222222222,High-risk stagnation profiles,High,0.7444444444444446,False
1149,19,Human Resources,Human Resources,Life Sciences,2,0,1,1,0,1,6,25,4,2,2,3,4401,11,Male,Divorced,No,7,1,1.0,1.0,6.0,0.0,High-risk stagnation profiles,High,0.8,False
1150,59,Sales,Manager,Technical Degree,2,24,1,0,0,0,3,22,3,4,4,2,5966,28,Female,Married,No,8,0,0.0,0.0,3.0,0.0,Fast-track performers,Low,0.0,False
1151,23,Sales,Manager,Life Sciences,2,3,0,0,0,0,3,19,4,1,4,4,4989,8,Male,Single,No,0,0,0.0,0.0,3.0,0.0,Fast-track performers,Low,0.0,False
1152,45,Sales,Sales Representative,Other,3,18,17,16,4,14,5,21,4,2,4,3,8718,21,Male,Married,No,2,0,0.8235294117647058,0.9411764705882353,0.29411764705882354,0.23529411764705882,Stable long-term contributors,High,0.7999999999999999,True
1153,45,Research & Development,Research Scientist,Human Resources,1,8,6,1,6,1,2,15,3,3,3,4,3178,7,Male,Divorced,No,1,0,0.16666666666666666,0.16666666666666666,0.3333333333333333,1.0,Fast-track performers,Medium,0.30000000000000004,True
1154,37,Research & Development,Healthcare Representative,Life Sciences,4,5,2,2,2,2,0,18,4,3,2,3,9296,16,Female,Divorced,No,2,1,1.0,1.0,0.0,1.0,High-risk stagnation profiles,High,1.0,False
1155,47,Research & Development,Manager,Life Sciences,2,13,8,1,5,1,5,17,3,4,1,4,4787,28,Male,Married,No,1,0,0.125,0.125,0.625,0.625,Fast-track performers,Medium,0.2,True
1156,28,Research & Development,Healthcare Representative,Marketing,2,6,0,0,0,0,4,18,3,3,4,2,6061,16,Male,Single,No,5,0,0.0,0.0,4.0,0.0,Fast-track performers,Low,0.0,False
1157,45,Research & Development,Research Director,Human Resources,2,12,10,6,1,5,6,11,3,3,4,3,5439,14,Female,Married,Yes,8,0,0.5,0.6,0.6,0.1,High-risk stagnation profiles,Medium,0.49,True
1158,42,Research & Development,Manufacturing Director,Technical Degree,1,8,5,3,2,1,1,19,3,4,4,3,2918,15,Male,Married,Yes,1,0,0.2,0.6,0.2,0.4,Fast-track performers,Medium,0.44000000000000006,True
1159,56,Research & Development,Research Scientist,Life Sciences,3,30,16,10,5,6,2,11,3,3,1,1,9837,20,Female,Divorced,Yes,3,0,0.375,0.625,0.125,0.3125,High-risk stagnation profiles,Medium,0.51875,True
1160,50,Sales,Sales Representative,Marketing,2,13,12,1,2,1,1,13,3,3,4,4,7141,9,Female,Single,Yes,4,0,0.08333333333333333,0.08333333333333333,0.08333333333333333,0.16666666666666666,Stable long-term contributors,Low,0.175,False
1161,18,Sales,Sales Representative,Medical,1,0,1,1,1,1,4,18,3,4,4,3,2791,16,Male,Single,No,4,0,1.0,1.0,4.0,1.0,Stable long-term contributors,High,0.9,True
1162,44,Research & Development,Manager,Human Resources,2,21,4,0,4,0,3,22,3,3,3,3,4653,16,Male,Married,Yes,0,0,0.0,0.0,0.75,1.0,Fast-track performers,Low,0.125,False
1163,30,Research & Development,Research Scientist,Marketing,5,6,3,2,0,1,3,21,3,3,3,4,15301,5,Male,Single,No,5,0,0.3333333333333333,0.6666666666666666,1.0,0.0,High-risk stagnation profiles,Medium,0.4,True
1164,58,Sales,Manager,Marketing,2,17,15,6,11,3,1,11,3,1,4,4,7456,3,Female,Divorced,No,4,0,0.2,0.4,0.06666666666666667,0.7333333333333333,Stable long-term contributors,Medium,0.40666666666666673,False
1165,20,Research & Development,Healthcare Representative,Marketing,5,0,1,1,1,1,3,24,3,3,4,3,12307,21,Male,Married,No,5,0,1.0,1.0,3.0,1.0,High-risk stagnation profiles,High,0.9,True
1166,56,Sales,Manager,Life Sciences,1,26,21,12,18,9,3,11,4,1,4,4,4574,25,Male,Divorced,No,3,1,0.42857142857142855,0.5714285714285714,0.14285714285714285,0.8571428571428571,Stable long-term contributors,High,0.5714285714285715,False
1167,23,Research & Development,Research Scientist,Life Sciences,1,2,1,0,1,0,1,16,3,3,1,1,2719,13,Male,Single,No,5,0,0.0,0.0,1.0,1.0,Fast-track performers,Low,0.1,False
1168,25,Research & Development,Healthcare Representative,Medical,1,3,3,0,2,0,5,15,3,4,3,2,2673,29,Male,Married,No,8,1,0.0,0.0,1.6666666666666667,0.6666666666666666,Fast-track performers,Low,0.06666666666666667,False
1169,44,Human Resources,Manager,Other,2,21,15,3,12,3,2,21,4,3,4,3,5601,27,Male,Married,Yes,0,0,0.2,0.2,0.13333333333333333,0.8,Fast-track performers,Medium,0.3266666666666667,True
1170,26,Research & Development,Healthcare Representative,Other,1,7,5,3,4,3,4,16,3,2,4,3,3317,8,Male,Married,No,5,0,0.6,0.6,0.8,0.8,High-risk stagnation profiles,High,0.5800000000000001,True
1171,54,Sales,Manager,Other,1,11,5,3,5,2,5,13,3,4,4,3,2832,17,Male,Married,Yes,0,0,0.4,0.6,1.0,1.0,Stable long-term contributors,Medium,0.5,True
1172,50,Sales,Sales Representative,Human Resources,4,12,1,1,0,0,3,20,3,2,4,2,8675,5,Male,Married,No,6,0,0.0,1.0,3.0,0.0,Stable long-term contributors,Medium,0.4,True
1173,59,Research & Development,Research Director,Human Resources,4,30,30,12,20,11,2,22,3,4,3,3,8771,6,Male,Divorced,No,3,0,0.36666666666666664,0.4,0.06666666666666667,0.6666666666666666,Fast-track performers,Medium,0.4666666666666667,True
1174,41,Sales,Sales Representative,Medical,3,9,6,1,4,1,3,20,4,3,4,4,7104,29,Male,Single,Yes,5,0,0.16666666666666666,0.16666666666666666,0.5,0.6666666666666666,Stable long-term contributors,Medium,0.25,True
1175,32,Human Resources,Human Resources,Human Resources,1,4,3,3,2,1,5,16,3,2,3,3,2631,26,Male,Divorced,No,6,1,0.3333333333333333,1.0,1.6666666666666667,0.6666666666666666,High-risk stagnation profiles,High,0.6,False
1176,49,Research & Development,Manager,Other,1,22,12,9,5,7,2,12,3,4,3,4,3804,29,Male,Divorced,Yes,4,0,0.5833333333333334,0.75,0.16666666666666666,0.4166666666666667,High-risk stagnation profiles,High,0.6583333333333334,True
1177,49,Sales,Sales Executive,Other,1,16,14,6,5,4,4,18,3,2,2,3,3250,27,Female,Married,No,8,0,0.2857142857142857,0.42857142857142855,0.2857142857142857,0.35714285714285715,Stable long-term contributors,Medium,0.39285714285714285,True
1178,41,Research & Development,Laboratory Technician,Marketing,3,18,11,3,0,3,6,25,3,4,4,2,10590,2,Male,Married,No,7,0,0.2727272727272727,0.2727272727272727,0.5454545454545454,0.0,Fast-track performers,Medium,0.2636363636363636,True
1179,58,Research & Development,Research Director,Human Resources,5,27,8,5,8,3,6,22,3,1,4,2,12987,22,Female,Single,No,2,0,0.375,0.625,0.75,1.0,High-risk stagnation profiles,Medium,0.525,False
1180,29,Research & Development,Manager,Life Sciences,2,4,1,0,0,0,3,16,4,2,2,2,5092,14,Male,Married,No,0,0,0.0,0.0,3.0,0.0,Fast-track performers,Low,0.0,False
1181,56,Research & Development,Research Director,Life Sciences,1,33,13,6,0,3,4,23,4,2,1,4,3272,25,Female,Married,No,9,0,0.23076923076923078,0.46153846153846156,0.3076923076923077,0.0,Fast-track performers,Medium,0.34615384615384615,True
1182,19,Sales,Sales Executive,Marketing,2,0,1,1,1,1,6,23,3,1,4,1,4330,4,Male,Married,No,7,0,1.0,1.0,6.0,1.0,Stable long-term contributors,High,0.9,False
1183,20,Sales,Sales Executive,Marketing,1,3,0,0,0,0,3,14,3,4,3,2,2051,3,Female,Married,No,3,0,0.0,0.0,3.0,0.0,Fast-track performers,Low,0.0,False
1184,54,Research & Development,Laboratory Technician,Marketing,2,23,3,2,2,2,2,14,3,4,4,4,6480,9,Female,Divorced,No,6,0,0.6666666666666666,0.6666666666666666,0.6666666666666666,0.6666666666666666,High-risk stagnation profiles,High,0.6333333333333333,True
1185,34,Sales,Manager,Life Sciences,2,6,5,3,5,2,1,24,3,4,2,3,5971,18,Male,Married,No,3,0,0.4,0.6,0.2,1.0,Stable long-term contributors,High,0.5800000000000001,True
1186,19,Research & Development,Healthcare Representative,Other,3,0,1,1,0,1,1,21,3,2,1,2,6222,12,Male,Divorced,No,6,1,1.0,1.0,1.0,0.0,High-risk stagnation profiles,High,0.8,False
1187,19,Research & Development,Research Scientist,Marketing,1,1,1,1,0,1,5,17,3,3,3,2,2366,9,Female,Married,No,0,0,1.0,1.0,5.0,0.0,High-risk stagnation profiles,High,0.8,True
1188,45,Sales,Sales Representative,Medical,1,11,10,4,8,2,3,24,4,4,1,4,2778,27,Female,Divorced,Yes,0,0,0.2,0.4,0.3,0.8,Stable long-term contributors,Medium,0.39000000000000007,True
1189,40,Research & Development,Healthcare Representative,Marketing,5,11,7,0,7,0,5,13,3,3,2,4,15555,26,Male,Married,No,1,0,0.0,0.0,0.7142857142857143,1.0,Fast-track performers,Low,0.1285714285714286,False
1190,54,Research & Development,Manufacturing Director,Technical Degree,1,25,9,5,8,3,4,21,3,4,1,2,3945,27,Male,Married,No,4,1,0.3333333333333333,0.5555555555555556,0.4444444444444444,0.8888888888888888,Fast-track performers,Medium,0.5,False
1191,49,Sales,Sales Executive,Marketing,1,24,24,19,7,11,4,13,3,3,2,3,3015,27,Male,Single,No,9,0,0.4583333333333333,0.7916666666666666,0.16666666666666666,0.2916666666666667,Stable long-term contributors,High,0.6125,True
1192,50,Research & Development,Healthcare Representative,Life Sciences,1,10,4,2,4,1,3,16,3,1,1,4,2750,18,Male,Single,Yes,5,0,0.25,0.5,0.75,1.0,Fast-track performers,Medium,0.42500000000000004,False
1193,18,Research & Development,Research Director,Human Resources,1,0,0,0,0,0,0,19,3,4,4,3,3137,13,Male,Married,No,1,0,0.0,0.0,0.0,0.0,Fast-track performers,Low,0.1,False
1194,36,Research & Development,Healthcare Representative,Marketing,2,5,0,0,0,0,5,11,3,4,2,4,4944,27,Male,Divorced,No,0,0,0.0,0.0,5.0,0.0,Fast-track performers,Low,0.0,False
1195,19,Research & Development,Manufacturing Director,Human Resources,3,0,0,0,0,0,3,15,3,4,3,3,7610,14,Male,Married,No,8,0,0.0,0.0,3.0,0.0,Fast-track performers,Low,0.0,False
1196,43,Sales,Sales Executive,Technical Degree,1,19,17,10,7,6,3,11,3,2,4,4,3409,10,Male,Single,No,6,0,0.35294117647058826,0.5882352941176471,0.17647058823529413,0.4117647058823529,Stable long-term contributors,Medium,0.5,True
1197,49,Research & Development,Manufacturing Director,Medical,2,19,9,6,0,6,0,11,3,2,4,2,6793,3,Female,Married,No,7,0,0.6666666666666666,0.6666666666666666,0.0,0.0,High-risk stagnation profiles,High,0.6333333333333333,True
1198,23,Sales,Sales Executive,Human Resources,3,3,1,1,0,1,5,13,3,3,3,2,9676,29,Female,Married,Yes,5,0,1.0,1.0,5.0,0.0,Stable long-term contributors,High,0.8,True
1199,49,Research & Development,Research Scientist,Other,2,13,4,3,3,3,5,13,3,2,4,3,7211,7,Male,Married,Yes,8,0,0.75,0.75,1.25,0.75,High-risk stagnation profiles,High,0.675,True
1200,21,Research & Development,Research Director,Marketing,4,1,1,0,0,0,3,14,3,2,4,3,11614,18,Female,Divorced,Yes,7,0,0.0,0.0,3.0,0.0,Fast-track performers,Low,0.0,False
1201,28,Research & Development,Manager,Technical Degree,4,4,0,0,0,0,3,13,3,4,4,4,9711,16,Male,Married,No,3,0,0.0,0.0,3.0,0.0,Fast-track performers,Low,0.0,False
1202,34,Research & Development,Manufacturing Director,Technical Degree,1,6,3,3,2,1,4,16,4,3,3,1,2970,17,Male,Married,Yes,4,0,0.3333333333333333,1.0,1.3333333333333333,0.6666666666666666,High-risk stagnation profiles,High,0.6,True
1203,55,Sales,Manager,Human Resources,3,28,3,3,1,2,2,22,3,3,4,4,8945,25,Female,Married,Yes,1,0,0.6666666666666666,1.0,0.6666666666666666,0.3333333333333333,High-risk stagnation profiles,High,0.7333333333333334,True
1204,41,Sales,Sales Executive,Medical,2,15,9,8,3,5,2,25,3,2,3,2,7268,6,Female,Divorced,Yes,0,0,0.5555555555555556,0.8888888888888888,0.2222222222222222,0.3333333333333333,Stable long-term contributors,High,0.688888888888889,True
1205,22,Research & Development,Research Scientist,Life Sciences,5,0,1,1,0,0,4,14,4,4,2,3,13954,25,Female,Married,No,5,0,0.0,1.0,4.0,0.0,Fast-track performers,Medium,0.4,True
1206,51,Research & Development,Research Director,Marketing,2,22,16,10,11,4,1,18,3,2,4,1,6801,12,Male,Married,No,2,0,0.25,0.625,0.0625,0.6875,Fast-track performers,Medium,0.5125,True
1207,23,Research & Development,Laboratory Technician,Technical Degree,5,3,0,0,0,0,3,11,3,4,3,3,9304,19,Male,Married,No,3,0,0.0,0.0,3.0,0.0,Fast-track performers,Low,0.0,False
1208,39,Research & Development,Laboratory Technician,Medical,3,10,2,0,2,0,3,18,3,4,4,3,8439,3,Female,Married,No,0,0,0.0,0.0,1.5,1.0,Fast-track performers,Low,0.1,False
1209,28,Sales,Sales Executive,Other,1,3,0,0,0,0,3,21,3,4,1,3,3324,26,Male,Single,Yes,5,0,0.0,0.0,3.0,0.0,Fast-track performers,Low,0.0,False
1210,33,Research & Development,Healthcare Representative,Technical Degree,2,5,3,1,0,1,2,11,4,4,3,2,5385,28,Male,Single,No,7,0,0.3333333333333333,0.3333333333333333,0.6666666666666666,0.0,Fast-track performers,Medium,0.3,True
1211,50,Research & Development,Healthcare Representative,Medical,5,26,4,2,4,1,3,21,3,4,4,3,12498,3,Male,Single,Yes,9,0,0.25,0.5,0.75,1.0,Fast-track performers,Medium,0.42500000000000004,True
1212,26,Research & Development,Laboratory Technician,Life Sciences,4,7,4,1,4,1,3,11,3,2,2,4,7717,18,Male,Divorced,No,3,0,0.25,0.25,0.75,1.0,Fast-track performers,Medium,0.325,True
1213,23,Research & Development,Healthcare Representative,Life Sciences,1,0,0,0,0,0,3,17,3,2,4,2,2297,29,Male,Single,Yes,9,0,0.0,0.0,3.0,0.0,Fast-track performers,Low,0.0,False
1214,33,Research & Development,Laboratory Technician,Technical Degree,3,12,6,2,1,2,4,11,3,2,4,2,9795,11,Male,Married,Yes,7,1,0.3333333333333333,0.3333333333333333,0.6666666666666666,0.16666666666666666,Fast-track performers,Medium,0.31666666666666665,False
1215,46,Research & Development,Research Scientist,Technical Degree,1,20,15,3,15,2,6,19,3,1,4,2,4898,6,Male,Married,Yes,9,1,0.13333333333333333,0.2,0.4,1.0,Fast-track performers,Medium,0.29333333333333333,False
1216,20,Research & Development,Research Director,Human Resources,1,0,1,0,1,0,1,24,3,4,3,4,3124,19,Male,Married,No,2,0,0.0,0.0,1.0,1.0,Fast-track performers,Low,0.1,False
1217,37,Research & Development,Healthcare Representative,Marketing,2,6,4,4,2,3,5,25,3,2,3,3,5904,5,Male,Married,Yes,6,1,0.75,1.0,1.25,0.5,High-risk stagnation profiles,High,0.7500000000000001,False
1218,53,Sales,Sales Representative,Medical,1,24,7,7,4,5,2,18,3,4,4,1,4597,13,Male,Married,No,2,0,0.7142857142857143,1.0,0.2857142857142857,0.5714285714285714,Stable long-term contributors,High,0.8142857142857143,True
1219,36,Research & Development,Manufacturing Director,Technical Degree,3,10,0,0,0,0,3,23,4,3,4,3,8407,27,Female,Married,No,5,0,0.0,0.0,3.0,0.0,Fast-track performers,Low,0.0,False
1220,43,Human Resources,Human Resources,Marketing,1,19,5,1,4,1,3,25,3,3,3,3,3336,5,Male,Single,No,3,0,0.2,0.2,0.6,0.8,Fast-track performers,Medium,0.28,True
1221,20,Research & Development,Healthcare Representative,Human Resources,4,0,0,0,0,0,3,11,3,4,4,2,11159,26,Female,Married,No,5,0,0.0,0.0,3.0,0.0,Fast-track performers,Low,0.0,False
1222,36,Sales,Sales Representative,Marketing,1,4,4,2,2,2,4,12,3,2,4,4,2678,3,Male,Divorced,No,6,0,0.5,0.5,1.0,0.5,Stable long-term contributors,Medium,0.45,True
1223,37,Research & Development,Research Scientist,Technical Degree,1,13,6,5,6,4,3,12,4,4,4,3,3892,19,Male,Divorced,No,7,0,0.6666666666666666,0.8333333333333334,0.5,1.0,High-risk stagnation profiles,High,0.7500000000000001,True
1224,49,Sales,Sales Executive,Life Sciences,1,21,18,1,2,0,3,12,3,4,1,3,2927,17,Male,Married,No,5,0,0.0,0.05555555555555555,0.16666666666666666,0.1111111111111111,Stable long-term contributors,Low,0.11666666666666668,False
1225,24,Sales,Manager,Medical,1,0,0,0,0,0,5,16,3,2,1,3,2172,22,Male,Divorced,Yes,3,0,0.0,0.0,5.0,0.0,Fast-track performers,Low,0.0,False
1226,58,Research & Development,Laboratory Technician,Medical,1,24,8,7,6,4,2,14,3,3,3,4,4147,3,Male,Divorced,No,8,0,0.5,0.875,0.25,0.75,High-risk stagnation profiles,High,0.7,True
1227,50,Research & Development,Healthcare Representative,Life Sciences,1,8,1,1,1,1,2,18,3,3,3,2,3683,15,Male,Divorced,No,6,0,1.0,1.0,2.0,1.0,High-risk stagnation profiles,High,0.9,True
1228,57,Research & Development,Laboratory Technician,Technical Degree,2,18,12,10,1,4,0,11,3,4,4,2,5935,17,Female,Married,No,8,0,0.3333333333333333,0.8333333333333334,0.0,0.08333333333333333,High-risk stagnation profiles,High,0.575,True
1229,56,Research & Development,Research Scientist,Medical,1,14,9,6,1,6,2,25,3,3,2,2,2572,13,Male,Married,No,2,0,0.6666666666666666,0.6666666666666666,0.2222222222222222,0.1111111111111111,High-risk stagnation profiles,High,0.6222222222222222,True
1230,35,Research & Development,Laboratory Technician,Technical Degree,2,13,2,2,2,2,3,20,3,3,4,3,6843,14,Female,Divorced,No,4,0,1.0,1.0,1.5,1.0,High-risk stagnation profiles,High,0.9,True
1231,57,Research & Development,Research Scientist,Human Resources,2,23,23,23,13,22,3,24,3,4,2,3,7121,29,Female,Married,No,0,1,0.9565217391304348,1.0,0.13043478260869565,0.5652173913043478,High-risk stagnation profiles,High,0.9260869565217392,False
1232,18,Research & Development,Laboratory Technician,Technical Degree,4,0,1,1,1,1,2,14,3,2,3,3,9519,26,Male,Divorced,No,7,1,1.0,1.0,2.0,1.0,High-risk stagnation profiles,High,0.9,False
1233,28,Research & Development,Manufacturing Director,Marketing,4,8,8,8,5,6,1,20,4,4,2,2,11075,16,Female,Single,No,0,0,0.75,1.0,0.125,0.625,High-risk stagnation profiles,High,0.8500000000000001,True
1234,45,Sales,Sales Executive,Life Sciences,2,22,12,8,12,8,4,21,4,4,3,3,5747,25,Female,Single,Yes,0,0,0.6666666666666666,0.6666666666666666,0.3333333333333333,1.0,Stable long-term contributors,High,0.7,True
1235,42,Sales,Manager,Technical Degree,1,8,2,1,1,1,4,15,3,4,1,3,2997,11,Female,Married,Yes,6,1,0.5,0.5,2.0,0.5,Stable long-term contributors,Medium,0.45,False
1236,40,Human Resources,Human Resources,Human Resources,1,6,5,1,1,1,6,19,3,4,1,3,3521,17,Male,Single,No,7,0,0.2,0.2,1.2,0.2,Fast-track performers,Low,0.18000000000000005,False
1237,48,Research & Development,Research Director,Other,5,21,14,11,6,6,5,15,3,3,4,4,11106,5,Female,Divorced,Yes,2,0,0.42857142857142855,0.7857142857142857,0.35714285714285715,0.42857142857142855,High-risk stagnation profiles,High,0.5928571428571429,True
1238,47,Research & Development,Research Director,Life Sciences,1,10,0,0,0,0,5,23,4,4,2,2,2381,21,Female,Single,Yes,1,0,0.0,0.0,5.0,0.0,Fast-track performers,Low,0.0,False
1239,59,Research & Development,Healthcare Representative,Medical,1,35,6,6,3,6,4,21,3,3,2,3,3532,15,Female,Married,No,6,0,1.0,1.0,0.6666666666666666,0.5,High-risk stagnation profiles,High,0.8833333333333334,True
1240,52,Research & Development,Healthcare Representative,Marketing,1,25,19,18,17,17,3,13,4,3,4,1,4172,18,Male,Single,No,9,1,0.8947368421052632,0.9473684210526315,0.15789473684210525,0.8947368421052632,High-risk stagnation profiles,High,0.9105263157894739,False
1241,24,Sales,Manager,Medical,1,2,0,0,0,0,1,21,3,2,1,3,2146,16,Female,Single,No,4,0,0.0,0.0,1.0,0.0,Fast-track performers,Low,0.0,False
1242,33,Research & Development,Manufacturing Director,Human Resources,1,13,7,4,1,4,3,14,3,4,3,4,2979,14,Female,Single,No,0,0,0.5714285714285714,0.5714285714285714,0.42857142857142855,0.14285714285714285,High-risk stagnation profiles,Medium,0.5285714285714285,True
1243,43,Sales,Sales Executive,Human Resources,3,5,3,2,2,2,1,20,3,4,1,4,5710,14,Female,Divorced,Yes,1,0,0.6666666666666666,0.6666666666666666,0.3333333333333333,0.6666666666666666,Stable long-term contributors,High,0.6666666666666666,True
1244,19,Research & Development,Research Scientist,Medical,1,0,0,0,0,0,5,17,3,4,2,2,2118,13,Male,Divorced,No,2,0,0.0,0.0,5.0,0.0,Fast-track performers,Low,0.0,False
1245,18,Research & Development,Healthcare Representative,Life Sciences,2,0,1,0,1,0,3,11,4,1,4,3,4532,1,Female,Married,No,5,1,0.0,0.0,3.0,1.0,Fast-track performers,Low,0.1,False
1246,29,Research & Development,Manager,Medical,1,5,4,1,2,1,4,21,3,4,1,1,2104,6,Male,Divorced,No,0,0,0.25,0.25,1.0,0.5,Fast-track performers,Medium,0.25,True
1247,22,Research & Development,Manager,Technical Degree,1,0,0,0,0,0,1,16,3,4,4,4,2651,23,Male,Divorced,No,7,1,0.0,0.0,1.0,0.0,Fast-track performers,Low,0.0,False
1248,54,Research & Development,Healthcare Representative,Medical,4,13,5,5,5,4,3,18,3,4,4,3,11283,11,Female,Married,No,1,0,0.8,1.0,0.6,1.0,High-risk stagnation profiles,High,0.8600000000000001,True
1249,49,Research & Development,Research Scientist,Marketing,1,16,4,1,4,1,3,11,3,2,1,3,2674,11,Female,Married,Yes,4,0,0.25,0.25,0.75,1.0,Fast-track performers,Medium,0.325,True
1250,26,Research & Development,Research Scientist,Marketing,4,0,0,0,0,0,2,18,3,3,4,2,10532,25,Female,Single,No,7,0,0.0,0.0,2.0,0.0,Fast-track performers,Low,0.0,False
1251,58,Research & Development,Manager,Other,2,26,6,1,4,0,3,17,3,1,2,4,8669,16,Male,Single,No,4,0,0.0,0.16666666666666666,0.5,0.6666666666666666,Fast-track performers,Low,0.18333333333333335,False
1252,52,Research & Development,Laboratory Technician,Marketing,1,18,5,5,1,2,0,11,4,3,1,3,4219,24,Male,Single,Yes,7,0,0.4,1.0,0.0,0.2,High-risk stagnation profiles,High,0.68,True
1253,36,Research & Development,Laboratory Technician,Medical,5,10,1,0,1,0,3,19,3,2,1,2,9850,26,Female,Married,No,5,0,0.0,0.0,3.0,1.0,Fast-track performers,Low,0.1,False
1254,33,Research & Development,Research Scientist,Marketing,1,7,2,1,0,1,3,21,3,2,3,3,3283,3,Male,Single,No,6,0,0.5,0.5,1.5,0.0,High-risk stagnation profiles,Medium,0.4,True
1255,20,Research & Development,Laboratory Technician,Life Sciences,4,0,0,0,0,0,5,13,3,2,3,2,9180,25,Female,Divorced,No,7,0,0.0,0.0,5.0,0.0,Fast-track performers,Low,0.0,False
1256,37,Sales,Sales Executive,Marketing,1,13,5,4,2,2,3,12,3,2,2,3,2958,17,Male,Divorced,No,2,0,0.4,0.8,0.6,0.4,Stable long-term contributors,High,0.5600000000000002,True
1257,41,Research & Development,Healthcare Representative,Technical Degree,4,18,7,5,1,3,3,17,3,1,4,4,10406,29,Male,Single,No,4,0,0.42857142857142855,0.7142857142857143,0.42857142857142855,0.14285714285714285,High-risk stagnation profiles,Medium,0.5285714285714286,False
1258,50,Sales,Sales Executive,Life Sciences,1,21,4,0,4,0,6,21,3,4,4,4,3601,22,Male,Divorced,No,9,0,0.0,0.0,1.5,1.0,Stable long-term contributors,Low,0.1,False
1259,41,Research & Development,Manufacturing Director,Other,2,13,10,8,8,5,3,13,3,3,3,3,6001,29,Male,Divorced,No,6,0,0.5,0.8,0.3,0.8,High-risk stagnation profiles,High,0.6699999999999999,True
1260,28,Research & Development,Manager,Technical Degree,3,6,1,0,0,0,3,11,3,3,4,4,8417,14,Male,Married,Yes,8,0,0.0,0.0,3.0,0.0,Fast-track performers,Low,0.0,False
1261,25,Sales,Sales Executive,Medical,5,4,3,0,0,0,3,20,3,3,4,3,14454,26,Male,Married,Yes,5,0,0.0,0.0,1.0,0.0,Stable long-term contributors,Low,0.0,False
1262,53,Research & Development,Laboratory Technician,Medical,4,29,16,4,6,3,4,23,3,3,1,2,10141,2,Male,Single,Yes,9,0,0.1875,0.25,0.25,0.375,Fast-track performers,Medium,0.2875,True
1263,55,Research & Development,Manager,Medical,3,18,4,4,0,2,3,13,4,4,2,4,7556,26,Female,Single,No,0,0,0.5,1.0,0.75,0.0,High-risk stagnation profiles,High,0.6250000000000001,True
1264,57,Research & Development,Manufacturing Director,Technical Degree,4,32,14,8,5,7,3,16,3,2,3,2,10654,25,Female,Married,No,7,0,0.5,0.5714285714285714,0.21428571428571427,0.35714285714285715,High-risk stagnation profiles,Medium,0.5428571428571428,True
1265,37,Research & Development,Laboratory Technician,Technical Degree,1,12,6,6,0,4,4,13,3,2,3,2,2981,9,Male,Married,No,5,0,0.6666666666666666,1.0,0.6666666666666666,0.0,High-risk stagnation profiles,High,0.7000000000000001,True
1266,52,Research & Development,Research Director,Technical Degree,1,12,1,1,1,1,1,15,3,4,3,4,4261,8,Female,Single,No,0,0,1.0,1.0,1.0,1.0,High-risk stagnation profiles,High,0.9,True
1267,42,Research & Development,Laboratory Technician,Life Sciences,1,14,0,0,0,0,5,19,3,3,2,2,3917,29,Male,Married,Yes,3,0,0.0,0.0,5.0,0.0,Fast-track performers,Low,0.0,False
1268,52,Sales,Sales Executive,Human Resources,2,29,5,5,3,3,3,17,3,1,4,3,8108,11,Male,Divorced,Yes,5,1,0.6,1.0,0.6,0.6,Stable long-term contributors,High,0.74,False
1269,42,Research & Development,Manager,Life Sciences,2,9,2,2,1,1,3,12,3,1,3,4,6345,7,Male,Married,No,9,0,0.5,1.0,1.5,0.5,High-risk stagnation profiles,High,0.6500000000000001,False
1270,46,Research & Development,Research Director,Medical,2,21,4,0,3,0,4,11,3,1,3,3,5738,22,Female,Married,Yes,0,0,0.0,0.0,1.0,0.75,Fast-track performers,Low,0.07500000000000001,False
1271,35,Research & Development,Manager,Human Resources,1,14,11,6,1,5,2,17,3,4,1,1,3239,2,Male,Married,Yes,9,1,0.45454545454545453,0.5454545454545454,0.18181818181818182,0.09090909090909091,High-risk stagnation profiles,Medium,0.4909090909090909,False
1272,35,Sales,Sales Representative,Marketing,3,9,1,0,1,0,5,14,3,2,3,3,8103,4,Male,Married,No,4,0,0.0,0.0,5.0,1.0,Fast-track performers,Low,0.1,False
1273,19,Research & Development,Manager,Medical,1,0,0,0,0,0,6,21,3,4,3,2,2384,26,Male,Single,No,2,0,0.0,0.0,6.0,0.0,Fast-track performers,Low,0.0,False
1274,52,Research & Development,Manager,Other,1,20,16,1,13,1,3,17,3,4,3,3,4477,23,Female,Divorced,Yes,6,0,0.0625,0.0625,0.1875,0.8125,Fast-track performers,Medium,0.21250000000000002,True
1275,33,Research & Development,Manager,Life Sciences,2,3,0,0,0,0,5,16,3,3,4,3,5037,14,Female,Divorced,No,7,0,0.0,0.0,5.0,0.0,Fast-track performers,Low,0.0,False
1276,58,Sales,Sales Representative,Technical Degree,3,26,10,1,3,1,0,17,3,1,3,3,7864,13,Male,Single,No,2,0,0.1,0.1,0.0,0.3,Stable long-term contributors,Medium,0.21000000000000002,False
1277,53,Research & Development,Manager,Life Sciences,3,18,9,7,8,3,5,14,3,1,1,3,9518,22,Male,Married,Yes,9,0,0.3333333333333333,0.7777777777777778,0.5555555555555556,0.8888888888888888,High-risk stagnation profiles,High,0.5777777777777777,False
1278,50,Research & Development,Laboratory Technician,Technical Degree,2,17,15,8,9,6,3,13,3,3,3,3,7462,25,Female,Married,No,2,1,0.4,0.5333333333333333,0.2,0.6,Fast-track performers,Medium,0.5133333333333334,False
1279,21,Research & Development,Manager,Human Resources,1,0,1,0,0,0,3,22,3,3,4,3,2389,13,Male,Single,No,2,0,0.0,0.0,3.0,0.0,Fast-track performers,Low,0.0,False
1280,50,Research & Development,Research Director,Other,2,18,16,16,7,15,2,15,3,3,4,4,6780,13,Male,Single,Yes,5,0,0.9375,1.0,0.125,0.4375,High-risk stagnation profiles,High,0.90625,True
1281,31,Research & Development,Manager,Human Resources,1,4,3,1,3,1,3,13,3,3,3,2,2153,5,Male,Single,No,5,1,0.3333333333333333,0.3333333333333333,1.0,1.0,Fast-track performers,Medium,0.3666666666666667,False
1282,38,Research & Development,Manufacturing Director,Other,2,7,1,1,0,0,2,24,3,4,2,4,5465,28,Female,Divorced,No,2,1,0.0,1.0,2.0,0.0,High-risk stagnation profiles,Medium,0.4,False
1283,37,Sales,Sales Representative,Life Sciences,2,9,6,2,5,2,5,13,4,3,3,3,4365,12,Female,Single,No,5,0,0.3333333333333333,0.3333333333333333,0.8333333333333334,0.8333333333333334,Stable long-term contributors,Medium,0.3666666666666667,True
1284,25,Sales,Sales Representative,Technical Degree,1,5,2,2,0,1,5,14,3,4,3,2,2143,6,Male,Single,No,8,0,0.5,1.0,2.5,0.0,Stable long-term contributors,High,0.6000000000000001,True
1285,24,Research & Development,Research Director,Human Resources,1,7,5,3,4,3,1,18,4,4,4,2,2989,26,Male,Single,No,7,0,0.6,0.6,0.2,0.8,High-risk stagnation profiles,High,0.6400000000000001,True
1286,20,Sales,Sales Executive,Other,5,1,0,0,0,0,1,12,3,1,3,3,11198,22,Female,Divorced,Yes,6,1,0.0,0.0,1.0,0.0,Stable long-term contributors,Low,0.0,False
1287,34,Research & Development,Manufacturing Director,Medical,5,12,9,8,7,4,5,14,3,2,4,3,14756,14,Male,Divorced,No,6,0,0.4444444444444444,0.8888888888888888,0.5555555555555556,0.7777777777777778,High-risk stagnation profiles,High,0.6555555555555554,True
1288,50,Research & Development,Healthcare Representative,Medical,2,19,12,2,9,1,3,21,4,1,3,2,7050,8,Male,Married,No,7,0,0.08333333333333333,0.16666666666666666,0.25,0.75,Fast-track performers,Medium,0.25,False
1289,29,Research & Development,Research Scientist,Human Resources,1,8,1,0,0,0,2,13,3,1,3,4,2642,24,Male,Single,Yes,6,0,0.0,0.0,2.0,0.0,Fast-track performers,Low,0.0,False
1290,39,Human Resources,Human Resources,Technical Degree,1,5,4,2,0,2,3,17,3,3,4,3,3179,22,Female,Married,No,2,0,0.5,0.5,0.75,0.0,High-risk stagnation profiles,Medium,0.42500000000000004,True
1291,39,Research & Development,Manufacturing Director,Human Resources,2,15,8,6,1,4,3,12,3,2,3,4,6114,8,Male,Married,Yes,7,0,0.5,0.75,0.375,0.125,High-risk stagnation profiles,High,0.575,True
1292,47,Research & Development,Research Director,Life Sciences,5,21,1,0,0,0,2,11,3,3,4,1,11064,7,Female,Married,No,7,0,0.0,0.0,2.0,0.0,Fast-track performers,Low,0.0,False
1293,55,Research & Development,Laboratory Technician,Other,1,19,19,10,16,10,4,20,3,4,3,2,3849,17,Male,Married,No,0,0,0.5263157894736842,0.5263157894736842,0.21052631578947367,0.8421052631578947,High-risk stagnation profiles,High,0.5842105263157895,True
1294,55,Research & Development,Manufacturing Director,Life Sciences,3,22,12,4,3,2,3,11,4,2,1,1,9599,21,Male,Single,No,9,0,0.16666666666666666,0.3333333333333333,0.25,0.25,Fast-track performers,Medium,0.30000000000000004,True
1295,25,Research & Development,Healthcare Representative,Medical,1,0,0,0,0,0,1,16,4,3,4,2,2522,11,Male,Single,No,4,0,0.0,0.0,1.0,0.0,Fast-track performers,Low,0.0,False
1296,44,Research & Development,Healthcare Representative,Other,5,15,2,1,2,1,5,13,3,1,1,4,16468,26,Female,Single,No,4,0,0.5,0.5,2.5,1.0,High-risk stagnation profiles,Medium,0.5,False
1297,44,Research & Development,Manager,Human Resources,2,17,10,0,4,0,3,17,3,2,2,1,6563,10,Male,Divorced,No,0,0,0.0,0.0,0.3,0.4,Fast-track performers,Low,0.11,False
1298,51,Research & Development,Research Scientist,Life Sciences,3,19,15,10,10,7,2,18,3,3,3,3,11228,13,Male,Married,No,5,0,0.4666666666666667,0.6666666666666666,0.13333333333333333,0.6666666666666666,High-risk stagnation profiles,High,0.6066666666666667,True
1299,38,Research & Development,Healthcare Representative,Marketing,1,8,0,0,0,0,2,15,4,4,4,2,2998,10,Male,Married,Yes,5,0,0.0,0.0,2.0,0.0,Fast-track performers,Low,0.0,False
1300,47,Sales,Manager,Technical Degree,2,4,2,1,0,1,1,15,3,3,3,3,4249,21,Female,Divorced,No,3,0,0.5,0.5,0.5,0.0,Stable long-term contributors,Medium,0.45,True
1301,50,Research & Development,Healthcare Representative,Technical Degree,1,13,10,7,7,3,3,22,3,1,1,4,3332,26,Female,Divorced,Yes,5,0,0.3,0.7,0.3,0.7,High-risk stagnation profiles,Medium,0.5399999999999999,False
1302,45,Research & Development,Manufacturing Director,Marketing,1,23,8,1,1,1,1,12,3,3,3,3,3564,14,Male,Single,No,5,0,0.125,0.125,0.125,0.125,Fast-track performers,Medium,0.2,True
1303,50,Sales,Sales Representative,Medical,5,13,13,9,0,8,3,18,3,1,3,3,13736,9,Male,Single,No,0,1,0.6153846153846154,0.6923076923076923,0.23076923076923078,0.0,Stable long-term contributors,High,0.6000000000000001,False
1304,22,Research & Development,Manager,Other,4,1,0,0,0,0,1,20,3,2,4,2,11150,7,Male,Divorced,Yes,4,0,0.0,0.0,1.0,0.0,Fast-track performers,Low,0.0,False
1305,36,Research & Development,Research Scientist,Technical Degree,4,6,0,0,0,0,4,23,4,3,3,4,10333,7,Male,Divorced,No,1,0,0.0,0.0,4.0,0.0,Fast-track performers,Low,0.0,False
1306,21,Human Resources,Manager,Marketing,2,2,2,2,1,1,4,11,3,1,4,3,4032,26,Female,Married,No,6,1,0.5,1.0,2.0,0.5,High-risk stagnation profiles,High,0.6500000000000001,False
1307,52,Research & Development,Manufacturing Director,Human Resources,3,22,15,3,14,3,3,20,4,3,2,3,9113,18,Male,Divorced,Yes,8,0,0.2,0.2,0.2,0.9333333333333333,Fast-track performers,Medium,0.33333333333333337,True
1308,34,Research & Development,Research Director,Marketing,1,7,2,0,0,0,4,19,3,3,4,3,2250,16,Male,Single,No,8,0,0.0,0.0,2.0,0.0,Fast-track performers,Low,0.0,False
1309,45,Research & Development,Research Scientist,Medical,1,14,12,3,4,1,5,11,3,3,4,4,3566,8,Male,Single,Yes,8,0,0.08333333333333333,0.25,0.4166666666666667,0.3333333333333333,Fast-track performers,Medium,0.22499999999999998,True
1310,47,Research & Development,Laboratory Technician,Medical,1,15,2,0,0,0,3,11,3,1,4,3,3681,16,Male,Married,Yes,6,1,0.0,0.0,1.5,0.0,Fast-track performers,Low,0.0,False
1311,46,Research & Development,Manufacturing Director,Life Sciences,2,22,3,2,0,2,3,11,3,4,1,3,7522,19,Male,Divorced,No,6,0,0.6666666666666666,0.6666666666666666,1.0,0.0,High-risk stagnation profiles,Medium,0.5333333333333333,True
1312,23,Research & Development,Manager,Technical Degree,2,1,1,1,1,1,3,17,4,3,3,3,4086,15,Male,Married,No,0,0,1.0,1.0,3.0,1.0,High-risk stagnation profiles,High,0.9,True
1313,52,Research & Development,Manager,Life Sciences,1,15,6,2,1,2,5,14,3,4,4,2,3419,25,Female,Married,No,5,0,0.3333333333333333,0.3333333333333333,0.8333333333333334,0.16666666666666666,Fast-track performers,Medium,0.3,True
1314,58,Research & Development,Laboratory Technician,Marketing,2,17,11,9,2,9,1,22,3,2,1,3,6346,15,Male,Single,Yes,4,1,0.8181818181818182,0.8181818181818182,0.09090909090909091,0.18181818181818182,High-risk stagnation profiles,High,0.7636363636363638,False
1315,54,Sales,Sales Representative,Other,3,18,17,1,2,1,3,17,3,3,3,3,10389,6,Male,Single,No,7,0,0.058823529411764705,0.058823529411764705,0.17647058823529413,0.11764705882352941,Stable long-term contributors,Low,0.1411764705882353,False
1316,41,Sales,Sales Representative,Other,2,7,3,0,0,0,3,15,3,3,4,3,5737,9,Male,Divorced,No,7,0,0.0,0.0,1.0,0.0,Stable long-term contributors,Low,0.0,False
1317,46,Research & Development,Healthcare Representative,Medical,1,21,4,2,2,2,4,22,4,2,3,3,2944,15,Female,Single,No,3,0,0.5,0.5,1.0,0.5,High-risk stagnation profiles,Medium,0.45,True
1318,48,Research & Development,Healthcare Representative,Other,1,17,9,0,0,0,4,24,3,1,4,2,3849,25,Male,Married,No,0,0,0.0,0.0,0.4444444444444444,0.0,Fast-track performers,Low,0.05555555555555556,False
1319,52,Sales,Manager,Other,1,24,11,3,3,3,3,17,3,3,1,3,3690,7,Male,Married,Yes,5,1,0.2727272727272727,0.2727272727272727,0.2727272727272727,0.2727272727272727,Stable long-term contributors,Medium,0.3181818181818182,False
1320,50,Research & Development,Research Director,Other,1,18,7,2,4,1,1,20,3,4,4,4,3502,26,Male,Married,No,9,0,0.14285714285714285,0.2857142857142857,0.14285714285714285,0.5714285714285714,Fast-track performers,Medium,0.31428571428571433,True
1321,38,Research & Development,Manufacturing Director,Marketing,2,8,2,1,0,1,6,24,3,4,3,4,6667,28,Male,Divorced,No,0,0,0.5,0.5,3.0,0.0,Fast-track performers,Medium,0.4,True
1322,49,Human Resources,Human Resources,Other,2,13,0,0,0,0,1,17,3,1,3,2,5273,8,Female,Married,No,4,1,0.0,0.0,1.0,0.0,Fast-track performers,Low,0.0,False
1323,40,Research & Development,Laboratory Technician,Human Resources,3,19,2,0,0,0,1,14,3,3,4,3,10847,18,Female,Married,No,4,0,0.0,0.0,0.5,0.0,Fast-track performers,Low,0.05,False
1324,50,Sales,Sales Executive,Other,2,21,17,8,17,5,3,12,3,4,1,4,4622,21,Female,Single,No,2,0,0.29411764705882354,0.47058823529411764,0.17647058823529413,1.0,Stable long-term contributors,Medium,0.4882352941176471,True
1325,20,Human Resources,Human Resources,Other,4,1,1,0,1,0,4,18,3,4,4,3,12760,16,Male,Married,Yes,4,1,0.0,0.0,4.0,1.0,Fast-track performers,Low,0.1,False
1326,35,Research & Development,Manufacturing Director,Life Sciences,1,4,1,0,1,0,4,12,4,1,4,3,3355,15,Male,Married,No,5,1,0.0,0.0,4.0,1.0,Fast-track performers,Low,0.1,False
1327,42,Research & Development,Research Director,Marketing,2,14,4,3,1,2,5,19,3,4,2,4,6575,3,Male,Single,Yes,4,0,0.5,0.75,1.25,0.25,High-risk stagnation profiles,Medium,0.525,True
1328,59,Research & Development,Laboratory Technician,Medical,3,15,12,8,10,7,1,15,3,2,4,3,9512,1,Male,Divorced,No,0,0,0.5833333333333334,0.6666666666666666,0.08333333333333333,0.8333333333333334,High-risk stagnation profiles,High,0.675,True
1329,48,Sales,Sales Representative,Life Sciences,1,16,0,0,0,0,3,19,4,3,3,3,2731,13,Male,Married,Yes,6,0,0.0,0.0,3.0,0.0,Fast-track performers,Low,0.0,False
1330,20,Sales,Manager,Technical Degree,1,0,1,1,1,1,2,25,3,3,4,1,1858,22,Female,Single,No,2,1,1.0,1.0,2.0,1.0,High-risk stagnation profiles,High,0.9,False
1331,57,Sales,Sales Executive,Marketing,4,33,19,8,15,7,5,19,4,4,3,1,9124,29,Male,Single,No,6,0,0.3684210526315789,0.42105263157894735,0.2631578947368421,0.7894736842105263,Stable long-term contributors,Medium,0.46842105263157896,True
1332,41,Research & Development,Laboratory Technician,Human Resources,1,11,9,6,9,4,3,24,4,4,4,1,2699,12,Male,Single,Yes,4,0,0.4444444444444444,0.6666666666666666,0.3333333333333333,1.0,High-risk stagnation profiles,High,0.611111111111111,True
1333,49,Sales,Sales Representative,Marketing,3,13,4,4,1,3,0,18,3,4,3,4,8233,9,Male,Married,No,2,0,0.75,1.0,0.0,0.25,Stable long-term contributors,High,0.8250000000000001,True
1334,39,Sales,Manager,Technical Degree,1,19,17,15,7,15,4,18,3,1,1,3,3806,2,Female,Divorced,No,5,0,0.8823529411764706,0.8823529411764706,0.23529411764705882,0.4117647058823529,High-risk stagnation profiles,High,0.823529411764706,False
1335,40,Research & Development,Manager,Technical Degree,3,10,4,0,3,0,3,14,3,4,3,3,9505,9,Male,Married,Yes,0,0,0.0,0.0,0.75,0.75,Fast-track performers,Low,0.1,False
1336,19,Sales,Sales Executive,Technical Degree,1,0,1,1,1,1,3,24,3,1,2,4,2424,8,Male,Single,Yes,5,1,1.0,1.0,3.0,1.0,Stable long-term contributors,High,0.9,False
1337,44,Sales,Manager,Medical,1,15,14,0,11,0,5,14,3,2,3,3,3490,27,Female,Single,No,3,0,0.0,0.0,0.35714285714285715,0.7857142857142857,Fast-track performers,Low,0.14285714285714285,False
1338,59,Sales,Manager,Other,2,18,7,6,2,3,2,24,3,3,2,3,6634,25,Female,Married,Yes,3,0,0.42857142857142855,0.8571428571428571,0.2857142857142857,0.2857142857142857,Stable long-term contributors,High,0.6142857142857142,True
1339,19,Research & Development,Research Scientist,Marketing,1,0,0,0,0,0,2,12,3,3,1,2,2248,5,Male,Married,No,4,1,0.0,0.0,2.0,0.0,Fast-track performers,Low,0.0,False
1340,43,Research & Development,Manufacturing Director,Other,2,11,11,8,3,8,2,14,3,3,2,4,5143,13,Male,Single,No,8,1,0.7272727272727273,0.7272727272727273,0.18181818181818182,0.2727272727272727,High-risk stagnation profiles,High,0.6909090909090909,False
1341,34,Research & Development,Healthcare Representative,Other,1,10,4,0,2,0,3,14,3,3,3,2,2972,2,Male,Single,No,0,0,0.0,0.0,0.75,0.5,Fast-track performers,Low,0.07500000000000001,False
1342,57,Research & Development,Laboratory Technician,Human Resources,1,17,11,0,0,0,1,16,4,4,3,1,3669,10,Female,Single,No,2,0,0.0,0.0,0.09090909090909091,0.0,Fast-track performers,Low,0.09090909090909091,False
1343,50,Research & Development,Manager,Technical Degree,1,12,9,4,2,3,4,13,3,2,3,2,3610,26,Female,Married,No,3,0,0.3333333333333333,0.4444444444444444,0.4444444444444444,0.2222222222222222,Fast-track performers,Medium,0.3888888888888889,True
1344,26,Sales,Sales Executive,Medical,1,4,0,0,0,0,2,12,3,2,2,2,2424,6,Male,Married,No,1,0,0.0,0.0,2.0,0.0,Fast-track performers,Low,0.0,False
1345,60,Human Resources,Manager,Human Resources,4,32,25,23,11,9,5,25,4,4,4,2,14534,7,Female,Divorced,No,8,0,0.36,0.92,0.2,0.44,High-risk stagnation profiles,High,0.6360000000000001,True
1346,56,Sales,Sales Executive,Life Sciences,1,24,3,0,1,0,2,18,3,1,4,3,3937,3,Male,Married,No,6,0,0.0,0.0,0.6666666666666666,0.3333333333333333,Stable long-term contributors,Low,0.06666666666666668,False
1347,46,Research & Development,Research Director,Medical,2,17,7,3,0,3,2,12,3,3,3,2,7020,14,Female,Married,Yes,0,0,0.42857142857142855,0.42857142857142855,0.2857142857142857,0.0,Fast-track performers,Medium,0.4142857142857143,True
1348,59,Research & Development,Laboratory Technician,Other,1,34,0,0,0,0,2,18,3,4,4,3,3907,16,Male,Single,Yes,8,0,0.0,0.0,2.0,0.0,Fast-track performers,Low,0.0,False
1349,43,Research & Development,Healthcare Representative,Medical,1,19,14,5,4,3,4,17,3,3,3,1,3699,6,Male,Single,No,5,0,0.21428571428571427,0.35714285714285715,0.2857142857142857,0.2857142857142857,Fast-track performers,Medium,0.3285714285714286,True
1350,52,Sales,Sales Executive,Technical Degree,5,14,1,1,0,1,3,13,3,4,4,2,16744,22,Female,Married,No,1,0,1.0,1.0,3.0,0.0,Stable long-term contributors,High,0.8,True
1351,42,Sales,Sales Representative,Life Sciences,1,6,0,0,0,0,4,16,3,2,2,3,3236,8,Male,Single,No,0,0,0.0,0.0,4.0,0.0,Fast-track performers,Low,0.0,False
1352,41,Sales,Manager,Technical Degree,5,15,10,9,5,6,4,16,3,4,1,4,12872,1,Female,Married,No,5,0,0.6,0.9,0.4,0.5,Stable long-term contributors,High,0.7100000000000002,True
1353,30,Research & Development,Manufacturing Director,Life Sciences,1,13,6,3,4,2,5,20,3,1,4,4,3032,20,Male,Single,No,6,1,0.3333333333333333,0.5,0.8333333333333334,0.6666666666666666,Fast-track performers,Medium,0.4166666666666667,False
1354,24,Sales,Sales Executive,Human Resources,3,2,1,1,0,1,4,24,4,3,4,4,8893,15,Male,Single,No,9,1,1.0,1.0,4.0,0.0,Stable long-term contributors,High,0.8,False
1355,53,Sales,Sales Representative,Other,2,27,0,0,0,0,1,15,3,1,1,3,6952,17,Female,Single,No,5,0,0.0,0.0,1.0,0.0,Stable long-term contributors,Low,0.0,False
1356,37,Research & Development,Healthcare Representative,Life Sciences,4,10,5,5,1,5,4,23,4,3,3,3,8440,24,Male,Divorced,Yes,6,0,1.0,1.0,0.8,0.2,High-risk stagnation profiles,High,0.8400000000000001,True
1357,18,Sales,Sales Representative,Life Sciences,2,0,1,0,0,0,5,18,3,4,4,3,5613,18,Male,Married,No,5,0,0.0,0.0,5.0,0.0,Fast-track performers,Low,0.0,False
1358,25,Research & Development,Manufacturing Director,Life Sciences,2,2,1,1,1,0,6,25,3,4,4,3,4525,24,Male,Single,Yes,7,0,0.0,1.0,6.0,1.0,Fast-track performers,Medium,0.5,True
1359,33,Research & Development,Manager,Medical,1,6,1,1,1,1,1,21,4,4,4,2,2229,3,Female,Single,No,1,0,1.0,1.0,1.0,1.0,High-risk stagnation profiles,High,0.9,True
1360,31,Research & Development,Research Director,Human Resources,1,8,0,0,0,0,3,22,3,3,1,3,3549,24,Female,Married,No,8,0,0.0,0.0,3.0,0.0,Fast-track performers,Low,0.0,False
1361,29,Research & Development,Manufacturing Director,Medical,4,8,2,2,2,1,2,15,3,4,3,3,10422,6,Male,Married,No,8,1,0.5,1.0,1.0,1.0,High-risk stagnation profiles,High,0.7000000000000001,False
1362,40,Research & Development,Research Scientist,Other,1,14,9,4,2,3,2,17,3,3,1,3,2871,17,Male,Single,No,8,0,0.3333333333333333,0.4444444444444444,0.2222222222222222,0.2222222222222222,Fast-track performers,Medium,0.4111111111111111,True
1363,32,Research & Development,Research Director,Life Sciences,2,7,5,5,2,4,4,16,3,3,3,3,6044,23,Male,Married,No,6,0,0.8,1.0,0.8,0.4,High-risk stagnation profiles,High,0.7800000000000001,True
1364,45,Research & Development,Manufacturing Director,Human Resources,3,13,4,1,3,1,6,21,3,3,1,2,9973,13,Male,Married,No,8,0,0.25,0.25,1.5,0.75,Fast-track performers,Medium,0.275,True
1365,51,Research & Development,Healthcare Representative,Human Resources,1,21,15,2,11,1,3,25,3,3,4,3,3199,23,Female,Married,No,0,1,0.06666666666666667,0.13333333333333333,0.2,0.7333333333333333,Fast-track performers,Medium,0.23333333333333336,False
1366,19,Research & Development,Research Director,Marketing,5,0,1,0,0,0,5,17,3,4,3,1,13815,22,Female,Married,No,2,0,0.0,0.0,5.0,0.0,Fast-track performers,Low,0.0,False
1367,49,Research & Development,Research Director,Other,3,15,2,1,2,0,0,23,3,2,4,4,9609,17,Male,Divorced,No,1,0,0.0,0.5,0.0,1.0,Fast-track performers,Medium,0.4,True
1368,40,Research & Development,Laboratory Technician,Human Resources,2,12,8,4,6,2,0,19,3,3,1,2,4806,21,Male,Married,No,0,0,0.25,0.5,0.0,0.75,Fast-track performers,Medium,0.47500000000000003,True
1369,39,Research & Development,Healthcare Representative,Life Sciences,4,15,10,4,7,2,3,13,3,4,2,2,11039,16,Female,Single,Yes,4,0,0.2,0.4,0.3,0.7,Fast-track performers,Medium,0.38000000000000006,True
1370,42,Research & Development,Research Scientist,Life Sciences,1,21,20,5,9,4,3,20,4,4,2,4,3602,17,Male,Married,No,0,0,0.2,0.25,0.15,0.45,Fast-track performers,Medium,0.31,True
1371,39,Research & Development,Manager,Human Resources,1,12,12,4,1,4,5,17,3,4,3,3,3517,1,Female,Single,No,2,0,0.3333333333333333,0.3333333333333333,0.4166666666666667,0.08333333333333333,Fast-track performers,Medium,0.33333333333333337,True
1372,39,Research & Development,Manufacturing Director,Medical,2,11,1,1,1,1,3,23,3,3,4,2,6768,16,Male,Divorced,No,5,1,1.0,1.0,3.0,1.0,High-risk stagnation profiles,High,0.9,False
1373,59,Research & Development,Laboratory Technician,Other,1,20,3,1,2,1,3,20,3,3,3,3,2898,6,Female,Single,No,5,0,0.3333333333333333,0.3333333333333333,1.0,0.6666666666666666,Fast-track performers,Medium,0.3333333333333333,True
1374,23,Sales,Manager,Life Sciences,3,4,4,1,2,1,3,13,3,3,2,2,9058,8,Female,Married,No,2,0,0.25,0.25,0.75,0.5,Stable long-term contributors,Medium,0.275,True
1375,32,Research & Development,Research Scientist,Human Resources,4,8,1,1,1,1,2,23,3,3,1,2,12204,1,Female,Single,Yes,3,0,1.0,1.0,2.0,1.0,High-risk stagnation profiles,High,0.9,True
1376,60,Research & Development,Research Scientist,Life Sciences,2,27,7,4,2,2,5,12,3,4,1,1,6882,2,Male,Single,Yes,6,0,0.2857142857142857,0.5714285714285714,0.7142857142857143,0.2857142857142857,Fast-track performers,Medium,0.4,True
1377,54,Human Resources,Human Resources,Human Resources,1,27,5,5,2,5,3,22,3,4,4,3,4623,15,Male,Married,No,5,1,1.0,1.0,0.6,0.4,High-risk stagnation profiles,High,0.8800000000000001,False
1378,50,Sales,Manager,Other,5,12,1,1,0,1,3,17,3,4,3,4,9902,5,Male,Married,No,1,0,1.0,1.0,3.0,0.0,High-risk stagnation profiles,High,0.8,True
1379,25,Sales,Sales Executive,Human Resources,2,2,0,0,0,0,4,14,3,1,4,3,6374,24,Female,Married,No,8,0,0.0,0.0,4.0,0.0,Fast-track performers,Low,0.0,False
1380,22,Sales,Manager,Marketing,2,0,1,0,1,0,3,11,3,4,4,3,5141,27,Male,Single,Yes,5,0,0.0,0.0,3.0,1.0,Fast-track performers,Low,0.1,False
1381,56,Research & Development,Healthcare Representative,Human Resources,2,32,22,16,0,13,4,16,3,4,1,2,7401,20,Female,Married,No,1,0,0.5909090909090909,0.7272727272727273,0.18181818181818182,0.0,High-risk stagnation profiles,High,0.6090909090909091,True
1382,21,Research & Development,Healthcare Representative,Human Resources,4,0,1,0,1,0,1,21,3,3,1,2,10922,15,Female,Single,Yes,6,0,0.0,0.0,1.0,1.0,Fast-track performers,Low,0.1,False
1383,23,Research & Development,Research Director,Other,2,2,1,0,1,0,2,16,3,3,4,4,5293,21,Male,Married,No,9,0,0.0,0.0,2.0,1.0,Fast-track performers,Low,0.1,False
1384,49,Research & Development,Manager,Human Resources,3,17,9,1,0,0,6,16,3,4,4,1,9740,10,Female,Married,Yes,9,0,0.0,0.1111111111111111,0.6666666666666666,0.0,Fast-track performers,Low,0.07777777777777778,False
1385,47,Research & Development,Manufacturing Director,Other,3,22,10,8,4,8,4,12,4,3,3,4,9306,5,Female,Married,No,3,0,0.8,0.8,0.4,0.4,High-risk stagnation profiles,High,0.7400000000000002,True
1386,52,Research & Development,Manufacturing Director,Marketing,1,11,11,6,0,6,3,11,4,4,1,3,3946,3,Male,Single,Yes,0,0,0.5454545454545454,0.5454545454545454,0.2727272727272727,0.0,High-risk stagnation profiles,Medium,0.509090909090909,True
1387,57,Research & Development,Research Scientist,Other,2,19,8,4,7,2,3,13,4,3,1,4,6755,6,Male,Married,Yes,9,0,0.25,0.5,0.375,0.875,Fast-track performers,Medium,0.45000000000000007,True
1388,33,Sales,Manager,Life Sciences,4,12,3,3,1,2,5,22,3,4,2,2,9174,21,Female,Married,No,8,0,0.6666666666666666,1.0,1.6666666666666667,0.3333333333333333,High-risk stagnation profiles,High,0.7000000000000001,True
1389,30,Sales,Manager,Other,2,8,6,5,5,5,2,24,3,4,1,2,6499,15,Female,Single,Yes,9,0,0.8333333333333334,0.8333333333333334,0.3333333333333333,0.8333333333333334,High-risk stagnation profiles,High,0.8166666666666668,True
1390,59,Research & Development,Laboratory Technician,Marketing,3,15,7,3,1,2,1,12,3,3,2,3,9258,18,Female,Married,No,7,0,0.2857142857142857,0.42857142857142855,0.14285714285714285,0.14285714285714285,Fast-track performers,Medium,0.38571428571428573,True
1391,47,Sales,Sales Representative,Technical Degree,5,17,1,0,1,0,3,16,3,4,3,3,14666,14,Female,Single,No,4,0,0.0,0.0,3.0,1.0,Stable long-term contributors,Low,0.1,False
1392,36,Research & Development,Research Scientist,Human Resources,2,6,6,3,4,2,1,23,3,3,1,2,6660,10,Male,Married,No,2,0,0.3333333333333333,0.5,0.16666666666666666,0.6666666666666666,Fast-track performers,Medium,0.4833333333333334,True
1393,34,Sales,Sales Representative,Other,3,16,8,0,3,0,2,22,3,3,1,4,7076,4,Female,Married,No,3,0,0.0,0.0,0.25,0.375,Stable long-term contributors,Low,0.11250000000000002,False
1394,36,Research & Development,Research Director,Human Resources,3,11,4,3,0,2,5,16,3,1,4,1,7913,11,Male,Divorced,No,2,0,0.5,0.75,1.25,0.0,High-risk stagnation profiles,Medium,0.5,False
1395,45,Human Resources,Manager,Medical,4,16,14,8,13,7,0,23,3,3,3,1,9786,20,Male,Married,No,9,0,0.5,0.5714285714285714,0.0,0.9285714285714286,High-risk stagnation profiles,High,0.6214285714285714,True
1396,43,Sales,Sales Executive,Life Sciences,2,18,17,0,13,0,4,15,4,4,4,3,6143,7,Male,Single,No,7,0,0.0,0.0,0.23529411764705882,0.7647058823529411,Stable long-term contributors,Low,0.15294117647058825,False
1397,54,Research & Development,Healthcare Representative,Life Sciences,1,19,3,1,2,1,3,20,3,4,2,3,4086,15,Male,Single,Yes,4,1,0.3333333333333333,0.3333333333333333,1.0,0.6666666666666666,Fast-track performers,Medium,0.3333333333333333,False
1398,43,Research & Development,Research Director,Medical,2,11,2,2,0,1,3,20,3,2,4,4,7117,23,Male,Married,No,7,0,0.5,1.0,1.5,0.0,High-risk stagnation profiles,High,0.6000000000000001,True
1399,40,Research & Development,Manufacturing Director,Medical,3,8,3,2,3,1,4,15,3,3,2,3,7683,9,Male,Married,No,0,0,0.3333333333333333,0.6666666666666666,1.3333333333333333,1.0,High-risk stagnation profiles,Medium,0.5,True
1400,26,Research & Development,Laboratory Technician,Other,2,8,6,6,3,4,3,19,4,2,3,1,6252,15,Male,Single,Yes,8,1,0.6666666666666666,1.0,0.5,0.5,High-risk stagnation profiles,High,0.7666666666666668,False
1401,29,Research & Development,Healthcare Representative,Medical,3,4,1,0,1,0,1,24,3,4,1,3,9425,26,Male,Divorced,No,9,0,0.0,0.0,1.0,1.0,Fast-track performers,Low,0.1,False
1402,18,Research & Development,Research Scientist,Technical Degree,2,0,1,0,1,0,1,15,4,4,1,2,5513,12,Female,Single,No,2,0,0.0,0.0,1.0,1.0,Fast-track performers,Low,0.1,False
1403,18,Research & Development,Laboratory Technician,Human Resources,2,0,0,0,0,0,4,23,3,3,4,3,4280,18,Male,Married,Yes,0,0,0.0,0.0,4.0,0.0,Fast-track performers,Low,0.0,False
1404,51,Sales,Sales Executive,Human Resources,1,15,12,8,1,7,2,20,3,3,3,3,3871,6,Male,Single,Yes,2,0,0.5833333333333334,0.6666666666666666,0.16666666666666666,0.08333333333333333,Stable long-term contributors,High,0.5916666666666667,True
1405,49,Sales,Sales Representative,Marketing,3,16,10,5,1,5,0,16,3,3,4,1,10893,18,Female,Married,No,1,1,0.5,0.5,0.0,0.1,Stable long-term contributors,Medium,0.51,False
1406,42,Research & Development,Laboratory Technician,Medical,2,15,10,2,10,2,6,21,3,1,2,3,7599,25,Male,Single,No,6,1,0.2,0.2,0.6,1.0,Fast-track performers,Medium,0.30000000000000004,False
1407,57,Research & Development,Research Director,Medical,1,34,0,0,0,0,6,14,4,4,2,3,5513,18,Male,Single,No,9,0,0.0,0.0,6.0,0.0,Fast-track performers,Low,0.0,False
1408,18,Research & Development,Healthcare Representative,Technical Degree,1,0,1,0,0,0,3,20,4,3,3,3,3042,22,Female,Single,No,3,1,0.0,0.0,3.0,0.0,Fast-track performers,Low,0.0,False
1409,33,Sales,Manager,Life Sciences,3,8,0,0,0,0,0,24,3,4,4,3,6769,24,Male,Divorced,No,6,0,0.0,0.0,0.0,0.0,Fast-track performers,Low,0.1,False
1410,56,Research & Development,Laboratory Technician,Life Sciences,2,24,4,3,1,3,4,24,3,4,3,2,5737,6,Male,Married,No,2,1,0.75,0.75,1.0,0.25,High-risk stagnation profiles,High,0.6250000000000001,False
1411,22,Human Resources,Human Resources,Human Resources,1,0,1,0,1,0,4,25,3,4,4,2,3134,28,Female,Single,Yes,5,1,0.0,0.0,4.0,1.0,Fast-track performers,Low,0.1,False
1412,39,Sales,Manager,Human Resources,5,14,13,13,5,12,1,11,4,4,1,2,10634,15,Female,Married,No,6,1,0.9230769230769231,1.0,0.07692307692307693,0.38461538461538464,High-risk stagnation profiles,High,0.9,False
1413,46,Research & Development,Research Scientist,Other,3,7,5,2,2,2,1,14,3,4,4,2,6502,19,Female,Single,Yes,6,0,0.4,0.4,0.2,0.4,Fast-track performers,Medium,0.44000000000000006,True
1414,20,Research & Development,Research Scientist,Technical Degree,5,1,1,0,1,0,4,12,3,4,2,3,12031,5,Male,Married,Yes,4,0,0.0,0.0,4.0,1.0,Fast-track performers,Low,0.1,False
1415,29,Sales,Sales Executive,Marketing,2,6,0,0,0,0,5,20,3,3,2,4,5492,4,Female,Married,No,5,0,0.0,0.0,5.0,0.0,Fast-track performers,Low,0.0,False
1416,43,Sales,Sales Representative,Marketing,2,10,7,6,4,5,4,13,3,1,3,3,6179,17,Female,Married,No,2,0,0.7142857142857143,0.8571428571428571,0.5714285714285714,0.5714285714285714,Stable long-term contributors,High,0.7285714285714285,False
1417,33,Research & Development,Research Scientist,Technical Degree,4,4,3,3,0,1,2,17,3,3,3,3,9141,21,Male,Single,No,3,0,0.3333333333333333,1.0,0.6666666666666666,0.0,High-risk stagnation profiles,High,0.5666666666666667,True
1418,54,Research & Development,Research Scientist,Marketing,2,24,20,11,3,6,3,17,3,4,1,3,7532,10,Male,Divorced,No,5,1,0.3,0.55,0.15,0.15,Fast-track performers,Medium,0.44000000000000006,False
1419,39,Sales,Sales Representative,Life Sciences,3,5,5,2,0,1,3,11,3,1,2,2,9618,12,Female,Married,No,2,0,0.2,0.4,0.6,0.0,Stable long-term contributors,Medium,0.28,False
1420,46,Research & Development,Laboratory Technician,Marketing,1,19,14,13,3,9,2,18,3,1,3,4,3886,5,Male,Divorced,Yes,6,0,0.6428571428571429,0.9285714285714286,0.14285714285714285,0.21428571428571427,High-risk stagnation profiles,High,0.7357142857142858,False
1421,31,Sales,Sales Executive,Marketing,2,6,2,1,1,0,2,17,3,1,3,4,5130,7,Male,Married,No,2,1,0.0,0.5,1.0,0.5,Stable long-term contributors,Medium,0.25,False
1422,45,Research & Development,Research Scientist,Technical Degree,1,26,15,0,14,0,2,11,3,4,2,3,4826,12,Male,Divorced,No,8,0,0.0,0.0,0.13333333333333333,0.9333333333333333,Fast-track performers,Low,0.18,False
1423,22,Research & Development,Research Director,Technical Degree,1,2,0,0,0,0,3,18,3,3,1,2,2889,23,Male,Married,No,3,0,0.0,0.0,3.0,0.0,Fast-track performers,Low,0.0,False
1424,47,Sales,Sales Executive,Marketing,1,8,4,3,1,2,3,24,3,3,1,3,2755,2,Male,Single,No,1,0,0.5,0.75,0.75,0.25,Stable long-term contributors,Medium,0.55,True
1425,22,Research & Development,Manufacturing Director,Medical,1,3,2,2,2,1,4,24,3,1,4,2,2506,20,Male,Married,No,5,0,0.5,1.0,2.0,1.0,High-risk stagnation profiles,High,0.7000000000000001,False
1426,29,Research & Development,Manufacturing Director,Technical Degree,5,8,2,1,0,1,4,12,4,4,4,3,11838,17,Male,Married,Yes,8,0,0.5,0.5,2.0,0.0,High-risk stagnation profiles,Medium,0.4,True
1427,33,Research & Development,Research Director,Other,1,8,2,2,1,1,5,18,3,2,3,4,2530,13,Female,Divorced,No,9,1,0.5,1.0,2.5,0.5,High-risk stagnation profiles,High,0.6500000000000001,False
1428,43,Research & Development,Manufacturing Director,Other,3,11,5,1,4,1,4,13,4,2,4,2,7800,5,Male,Single,No,9,0,0.2,0.2,0.8,0.8,Fast-track performers,Medium,0.26,True
1429,43,Research & Development,Healthcare Representative,Life Sciences,4,11,0,0,0,0,2,20,4,4,4,4,11883,5,Male,Married,Yes,1,0,0.0,0.0,2.0,0.0,Fast-track performers,Low,0.0,False
1430,38,Research & Development,Laboratory Technician,Marketing,2,12,10,5,5,3,3,17,3,3,1,4,6385,20,Female,Divorced,Yes,3,1,0.3,0.5,0.3,0.5,Fast-track performers,Medium,0.44,False
1431,56,Research & Development,Manufacturing Director,Medical,1,19,3,1,2,1,3,23,3,3,1,4,4491,26,Female,Divorced,No,4,0,0.3333333333333333,0.3333333333333333,1.0,0.6666666666666666,Fast-track performers,Medium,0.3333333333333333,True
1432,53,Sales,Manager,Life Sciences,3,24,12,12,3,10,0,16,3,3,4,3,8236,12,Male,Single,No,8,1,0.8333333333333334,1.0,0.0,0.25,High-risk stagnation profiles,High,0.8583333333333334,False
1433,50,Research & Development,Research Director,Marketing,2,16,7,0,6,0,5,15,3,2,3,2,6744,12,Male,Married,Yes,6,0,0.0,0.0,0.7142857142857143,0.8571428571428571,Fast-track performers,Low,0.11428571428571428,False
1434,47,Research & Development,Healthcare Representative,Technical Degree,3,8,2,0,2,0,0,25,3,4,4,3,6003,7,Male,Married,No,4,0,0.0,0.0,0.0,1.0,Fast-track performers,Medium,0.2,True
1435,54,Research & Development,Laboratory Technician,Other,3,16,4,3,1,2,3,21,3,2,4,3,8746,6,Female,Single,No,5,1,0.5,0.75,0.75,0.25,High-risk stagnation profiles,Medium,0.55,False
1436,40,Sales,Sales Executive,Human Resources,5,5,1,0,0,0,3,20,3,2,3,2,14888,29,Male,Divorced,No,8,1,0.0,0.0,3.0,0.0,Fast-track performers,Low,0.0,False
1437,27,Sales,Sales Executive,Medical,2,2,2,2,2,2,3,24,3,4,1,3,5481,10,Male,Married,No,3,0,1.0,1.0,1.5,1.0,Stable long-term contributors,High,0.9,True
1438,22,Research & Development,Manager,Human Resources,1,6,1,0,1,0,4,21,3,4,2,3,2964,19,Female,Married,No,1,0,0.0,0.0,4.0,1.0,Fast-track performers,Low,0.1,False
1439,53,Research & Development,Healthcare Representative,Other,2,18,10,5,7,4,3,12,4,2,1,1,6404,16,Male,Divorced,Yes,4,1,0.4,0.5,0.3,0.7,Fast-track performers,Medium,0.5,False
1440,51,Research & Development,Laboratory Technician,Human Resources,1,23,12,1,8,1,2,12,3,1,2,2,4081,2,Female,Single,No,6,0,0.08333333333333333,0.08333333333333333,0.16666666666666666,0.6666666666666666,Fast-track performers,Medium,0.21666666666666667,False
1441,48,Sales,Manager,Technical Degree,4,11,6,1,6,1,2,23,4,4,3,1,11057,4,Female,Divorced,No,3,0,0.16666666666666666,0.16666666666666666,0.3333333333333333,1.0,Fast-track performers,Medium,0.30000000000000004,True
1442,27,Sales,Sales Representative,Marketing,1,5,1,1,1,1,5,22,3,4,1,3,3316,9,Male,Married,No,0,1,1.0,1.0,5.0,1.0,Stable long-term contributors,High,0.9,False
1443,36,Sales,Sales Executive,Technical Degree,1,7,2,2,1,2,2,25,3,2,2,3,3464,26,Male,Divorced,No,7,0,1.0,1.0,1.0,0.5,Stable long-term contributors,High,0.8500000000000001,True
1444,49,Sales,Sales Executive,Human Resources,3,22,4,1,0,0,2,11,4,4,3,1,9888,5,Male,Married,No,4,0,0.0,0.25,0.5,0.0,Stable long-term contributors,Low,0.15000000000000002,False
1445,18,Sales,Sales Executive,Technical Degree,2,0,0,0,0,0,3,24,4,1,2,4,5205,1,Female,Single,No,9,0,0.0,0.0,3.0,0.0,Fast-track performers,Low,0.0,False
1446,22,Research & Development,Manufacturing Director,Other,2,4,4,3,2,2,1,19,3,3,3,1,4051,11,Female,Married,Yes,1,0,0.5,0.75,0.25,0.5,High-risk stagnation profiles,High,0.625,True
1447,21,Research & Development,Manager,Medical,2,0,1,0,1,0,3,21,3,1,3,3,4649,19,Female,Married,No,2,0,0.0,0.0,3.0,1.0,Fast-track performers,Low,0.1,False
1448,33,Research & Development,Healthcare Representative,Technical Degree,4,9,2,1,2,1,4,18,3,3,3,3,10852,25,Male,Married,Yes,9,0,0.5,0.5,2.0,1.0,High-risk stagnation profiles,Medium,0.5,True
1449,41,Research & Development,Manager,Other,1,18,7,2,4,1,4,18,3,1,4,3,4033,23,Female,Married,No,9,0,0.14285714285714285,0.2857142857142857,0.5714285714285714,0.5714285714285714,Fast-track performers,Medium,0.27142857142857146,False
1450,33,Sales,Sales Executive,Medical,4,9,1,1,1,1,4,11,3,3,1,1,10174,3,Male,Married,No,4,1,1.0,1.0,4.0,1.0,Stable long-term contributors,High,0.9,False
1451,19,Research & Development,Manufacturing Director,Marketing,1,0,0,0,0,0,1,15,4,3,1,4,3144,1,Male,Married,No,3,0,0.0,0.0,1.0,0.0,Fast-track performers,Low,0.0,False
1452,45,Research & Development,Healthcare Representative,Human Resources,3,14,7,3,4,3,3,22,3,3,4,4,7551,4,Male,Married,No,8,0,0.42857142857142855,0.42857142857142855,0.42857142857142855,0.5714285714285714,Fast-track performers,Medium,0.4571428571428572,True
1453,49,Research & Development,Laboratory Technician,Marketing,4,12,7,5,6,4,0,16,3,1,3,3,12305,9,Female,Married,Yes,8,1,0.5714285714285714,0.7142857142857143,0.0,0.8571428571428571,High-risk stagnation profiles,High,0.7000000000000001,False
1454,44,Research & Development,Manufacturing Director,Life Sciences,1,15,0,0,0,0,0,25,3,3,4,3,3602,28,Female,Married,Yes,7,0,0.0,0.0,0.0,0.0,Fast-track performers,Low,0.1,False
1455,37,Research & Development,Research Director,Other,2,11,7,3,5,2,3,12,4,4,2,1,5908,16,Male,Divorced,No,1,0,0.2857142857142857,0.42857142857142855,0.42857142857142855,0.7142857142857143,Fast-track performers,Medium,0.4142857142857143,True
1456,41,Research & Development,Research Scientist,Medical,1,11,9,5,8,4,2,20,4,3,4,3,3601,7,Female,Single,No,4,0,0.4444444444444444,0.5555555555555556,0.2222222222222222,0.8888888888888888,High-risk stagnation profiles,High,0.5666666666666667,True
1457,29,Research & Development,Manufacturing Director,Technical Degree,3,5,1,1,0,1,4,25,3,4,4,3,7090,5,Male,Divorced,No,7,1,1.0,1.0,4.0,0.0,High-risk stagnation profiles,High,0.8,False
1458,52,Research & Development,Manufacturing Director,Marketing,2,22,11,0,8,0,4,15,3,3,3,3,4988,13,Male,Married,Yes,7,0,0.0,0.0,0.36363636363636365,0.7272727272727273,Fast-track performers,Low,0.13636363636363638,False
1459,50,Research & Development,Research Director,Medical,2,9,6,3,3,2,5,16,3,3,1,3,5738,11,Male,Married,No,6,0,0.3333333333333333,0.5,0.8333333333333334,0.5,Fast-track performers,Medium,0.4,True
1460,50,Research & Development,Healthcare Representative,Other,1,10,5,0,1,0,4,19,3,3,4,3,3207,14,Female,Married,No,3,0,0.0,0.0,0.8,0.2,Fast-track performers,Low,0.04,False
1461,60,Research & Development,Laboratory Technician,Life Sciences,1,26,1,1,1,1,0,25,3,4,4,2,5018,22,Male,Married,Yes,2,0,1.0,1.0,0.0,1.0,High-risk stagnation profiles,High,1.0,True
1462,54,Research & Development,Research Director,Marketing,1,30,20,16,3,12,3,20,4,1,4,2,5071,17,Male,Single,Yes,7,0,0.6,0.8,0.15,0.15,High-risk stagnation profiles,High,0.66,False
1463,29,Research & Development,Laboratory Technician,Human Resources,1,2,2,0,1,0,2,11,4,1,1,2,2036,23,Female,Single,No,7,0,0.0,0.0,1.0,0.5,Fast-track performers,Low,0.05,False
1464,20,Sales,Manager,Medical,2,1,1,0,1,0,3,23,3,3,4,1,5343,12,Female,Single,No,9,0,0.0,0.0,3.0,1.0,Fast-track performers,Low,0.1,False
1465,18,Research & Development,Laboratory Technician,Human Resources,4,2,2,1,1,1,2,20,3,4,1,3,11168,21,Female,Married,No,4,0,0.5,0.5,1.0,0.5,High-risk stagnation profiles,Medium,0.45,True
1466,50,Research & Development,Research Scientist,Medical,3,20,16,11,8,6,1,13,3,4,2,3,11116,23,Male,Single,No,2,0,0.375,0.6875,0.0625,0.5,High-risk stagnation profiles,High,0.5687500000000001,True
1467,57,Sales,Sales Executive,Medical,2,18,6,0,0,0,3,22,3,3,3,3,7020,21,Female,Single,Yes,4,1,0.0,0.0,0.5,0.0,Stable long-term contributors,Low,0.05,False
1468,27,Research & Development,Research Director,Other,5,7,4,4,0,3,4,19,3,3,2,3,14339,21,Male,Single,No,3,0,0.75,1.0,1.0,0.0,High-risk stagnation profiles,High,0.7000000000000001,True
1469,60,Research & Development,Healthcare Representative,Other,3,15,4,2,4,1,4,25,3,3,4,3,8922,19,Female,Single,Yes,7,1,0.25,0.5,1.0,1.0,Fast-track performers,Medium,0.4,False
1470,46,Sales,Manager,Other,5,26,4,3,2,2,3,24,3,3,3,2,12072,5,Male,Divorced,No,1,0,0.5,0.75,0.75,0.5,Stable long-term contributors,High,0.5750000000000001,True
1471,30,Research & Development,Research Director,Technical Degree,2,6,6,6,6,4,3,11,3,3,1,3,5084,24,Female,Married,No,7,0,0.6666666666666666,1.0,0.5,1.0,High-risk stagnation profiles,High,0.8166666666666668,True
1472,29,Research & Development,Research Director,Medical,1,3,0,0,0,0,3,11,3,4,4,2,2794,8,Male,Divorced,No,9,0,0.0,0.0,3.0,0.0,Fast-track performers,Low,0.0,False
1473,48,Sales,Manager,Marketing,1,7,7,6,0,6,4,11,3,4,4,3,3111,2,Male,Married,No,5,1,0.8571428571428571,0.8571428571428571,0.5714285714285714,0.0,High-risk stagnation profiles,High,0.7285714285714285,False
1474,19,Sales,Sales Representative,Human Resources,3,0,1,1,0,1,0,17,3,3,2,2,8069,27,Female,Divorced,Yes,3,1,1.0,1.0,0.0,0.0,Stable long-term contributors,High,0.9,False
1475,52,Research & Development,Research Director,Other,1,21,13,5,2,3,4,23,3,3,3,1,4164,17,Male,Married,Yes,2,0,0.23076923076923078,0.38461538461538464,0.3076923076923077,0.15384615384615385,Fast-track performers,Medium,0.33076923076923076,True
1476,40,Research & Development,Manager,Other,1,9,9,3,9,1,3,15,3,3,2,3,2856,2,Male,Married,No,9,0,0.1111111111111111,0.3333333333333333,0.3333333333333333,1.0,Fast-track performers,Medium,0.34444444444444444,True
1477,34,Research & Development,Research Scientist,Human Resources,2,3,2,2,0,1,2,16,3,3,3,4,5783,27,Male,Married,No,4,1,0.5,1.0,1.0,0.0,High-risk stagnation profiles,High,0.6000000000000001,False
1478,43,Research & Development,Research Scientist,Human Resources,2,14,4,4,2,2,0,23,3,3,2,3,4918,23,Female,Married,No,5,0,0.5,1.0,0.0,0.5,High-risk stagnation profiles,High,0.7500000000000001,True
1479,25,Research & Development,Research Director,Medical,2,0,1,0,0,0,1,25,3,1,3,3,4055,3,Male,Married,No,0,0,0.0,0.0,1.0,0.0,Fast-track performers,Low,0.0,False
1480,46,Research & Development,Research Scientist,Other,1,11,9,9,4,4,3,24,4,2,1,3,2600,24,Female,Divorced,Yes,0,1,0.4444444444444444,1.0,0.3333333333333333,0.4444444444444444,High-risk stagnation profiles,High,0.6888888888888889,False
1481,43,Research & Development,Healthcare Representative,Human Resources,2,20,14,8,9,6,4,18,3,3,4,3,7482,20,Female,Divorced,No,9,1,0.42857142857142855,0.5714285714285714,0.2857142857142857,0.6428571428571429,High-risk stagnation profiles,Medium,0.5357142857142858,False
1482,27,Research & Development,Manager,Technical Degree,2,4,1,0,0,0,3,24,3,4,3,3,4153,26,Female,Married,No,2,0,0.0,0.0,3.0,0.0,Fast-track performers,Low,0.0,False
1483,43,Sales,Sales Representative,Technical Degree,5,20,20,5,13,2,3,23,3,2,3,4,15884,26,Male,Divorced,No,1,0,0.1,0.25,0.15,0.65,Stable long-term contributors,Medium,0.29000000000000004,True
1484,51,Sales,Sales Executive,Other,3,25,6,4,2,3,5,12,3,3,3,2,8453,24,Female,Divorced,No,0,0,0.5,0.6666666666666666,0.8333333333333334,0.3333333333333333,Stable long-term contributors,Medium,0.5166666666666667,True
1485,58,Research & Development,Research Scientist,Human Resources,5,30,25,21,19,14,2,23,4,2,3,2,14870,18,Male,Married,No,7,0,0.56,0.84,0.08,0.76,High-risk stagnation profiles,High,0.728,True
1486,24,Research & Development,Laboratory Technician,Medical,3,0,0,0,0,0,1,12,4,1,3,2,9247,29,Male,Divorced,No,0,0,0.0,0.0,1.0,0.0,Fast-track performers,Low,0.0,False
1487,21,Research & Development,Manager,Medical,2,0,1,1,1,1,3,13,4,4,3,3,5241,15,Female,Single,No,9,0,1.0,1.0,3.0,1.0,High-risk stagnation profiles,High,0.9,True
1488,28,Research & Development,Research Director,Medical,1,5,5,5,1,4,4,23,3,4,3,4,2413,5,Female,Single,Yes,7,0,0.8,1.0,0.8,0.2,High-risk stagnation profiles,High,0.7600000000000001,True
1489,46,Sales,Sales Executive,Life Sciences,3,20,20,19,7,17,3,13,3,1,2,2,7981,22,Male,Single,No,4,1,0.85,0.95,0.15,0.35,Stable long-term contributors,High,0.84,False
1490,53,Research & Development,Healthcare Representative,Other,2,21,8,3,0,2,3,23,3,4,2,3,7464,17,Male,Married,Yes,3,0,0.25,0.375,0.375,0.0,Fast-track performers,Medium,0.3125,True
1491,42,Research & Development,Manufacturing Director,Medical,2,8,3,1,0,1,6,13,3,2,3,4,5247,14,Female,Single,No,7,0,0.3333333333333333,0.3333333333333333,2.0,0.0,Fast-track performers,Medium,0.26666666666666666,True
1492,38,Research & Development,Manufacturing Director,Technical Degree,2,14,10,9,3,4,4,14,3,4,4,3,6252,1,Female,Single,No,7,1,0.4,0.9,0.4,0.3,High-risk stagnation profiles,High,0.6100000000000001,False
1493,53,Research & Development,Manager,Human Resources,2,26,2,0,2,0,1,13,4,2,2,3,5931,14,Male,Single,No,7,0,0.0,0.0,0.5,1.0,Fast-track performers,Low,0.15000000000000002,False
1494,27,Research & Development,Healthcare Representative,Marketing,1,9,8,1,3,1,4,12,4,2,1,4,3125,9,Male,Single,No,2,0,0.125,0.125,0.5,0.375,Fast-track performers,Low,0.18750000000000003,False
1495,54,Research & Development,Healthcare Representative,Marketing,2,14,7,0,4,0,0,19,3,3,2,3,4948,5,Male,Married,No,7,0,0.0,0.0,0.0,0.5714285714285714,Fast-track performers,Low,0.15714285714285714,False
1496,26,Human Resources,Manager,Medical,1,2,1,1,0,1,4,16,3,4,4,3,2932,4,Female,Single,No,0,0,1.0,1.0,4.0,0.0,High-risk stagnation profiles,High,0.8,True
1497,41,Research & Development,Manager,Marketing,3,9,0,0,0,0,2,13,3,2,4,1,8826,1,Male,Married,No,3,0,0.0,0.0,2.0,0.0,Fast-track performers,Low,0.0,False
1498,52,Research & Development,Manufacturing Director,Marketing,1,26,13,0,13,0,4,19,3,4,3,2,3534,3,Female,Single,Yes,4,0,0.0,0.0,0.3076923076923077,1.0,Fast-track performers,Low,0.16923076923076924,False
1499,52,Research & Development,Healthcare Representative,Life Sciences,1,14,9,1,3,1,3,25,3,1,4,3,3629,29,Female,Single,No,5,0,0.1111111111111111,0.1111111111111111,0.3333333333333333,0.3333333333333333,Fast-track performers,Medium,0.18888888888888888,False
1500,53,Research & Development,Research Scientist,Technical Degree,2,8,0,0,0,0,5,14,4,4,3,3,6711,20,Female,Divorced,No,4,0,0.0,0.0,5.0,0.0,Fast-track performers,Low,0.0,False
1501,35,Human Resources,Human Resources,Technical Degree,3,15,11,1,8,1,3,14,3,1,4,4,9870,11,Female,Divorced,No,4,0,0.09090909090909091,0.09090909090909091,0.2727272727272727,0.7272727272727273,Fast-track performers,Medium,0.2181818181818182,False
1502,56,Research & Development,Research Director,Life Sciences,2,10,5,2,4,1,3,18,3,4,2,4,4771,16,Male,Married,Yes,4,0,0.2,0.4,0.6,0.8,Fast-track performers,Medium,0.36000000000000004,True
1503,49,Sales,Manager,Life Sciences,1,20,18,13,17,8,2,17,3,3,2,4,3895,11,Male,Married,No,8,0,0.4444444444444444,0.7222222222222222,0.1111111111111111,0.9444444444444444,Stable long-term contributors,High,0.65,True
1504,41,Research & Development,Laboratory Technician,Marketing,2,8,2,1,0,1,5,25,3,3,3,2,6598,21,Female,Divorced,Yes,9,0,0.5,0.5,2.5,0.0,High-risk stagnation profiles,Medium,0.4,True
1505,40,Research & Development,Laboratory Technician,Other,1,16,5,5,0,3,4,17,4,4,3,4,3008,10,Male,Married,No,9,0,0.6,1.0,0.8,0.0,High-risk stagnation profiles,High,0.66,True
1506,49,Research & Development,Manager,Human Resources,5,16,12,6,0,3,2,20,3,4,3,3,10431,12,Male,Married,No,2,0,0.25,0.5,0.16666666666666666,0.0,Fast-track performers,Medium,0.3833333333333334,True
1507,54,Sales,Sales Representative,Human Resources,5,24,18,14,14,7,5,17,4,4,2,3,17128,5,Male,Married,No,1,0,0.3888888888888889,0.7777777777777778,0.2777777777777778,0.7777777777777778,Stable long-term contributors,High,0.6166666666666667,True
1508,29,Research & Development,Research Director,Marketing,2,7,4,2,1,2,3,20,3,1,3,3,4946,10,Female,Single,No,9,1,0.5,0.5,0.75,0.25,High-risk stagnation profiles,Medium,0.45000000000000007,False
1509,30,Research & Development,Research Scientist,Human Resources,1,2,2,2,1,2,4,21,3,3,2,1,2518,24,Female,Married,No,1,1,1.0,1.0,2.0,0.5,High-risk stagnation profiles,High,0.8500000000000001,False
1510,40,Human Resources,Manager,Life Sciences,3,7,1,0,0,0,4,15,3,3,1,2,7893,13,Male,Married,No,7,0,0.0,0.0,4.0,0.0,Fast-track performers,Low,0.0,False
1511,42,Research & Development,Manufacturing Director,Technical Degree,1,9,5,4,2,3,0,25,3,3,4,4,3790,29,Male,Married,Yes,4,0,0.6,0.8,0.0,0.4,High-risk stagnation profiles,High,0.7000000000000001,True
1512,52,Research & Development,Manufacturing Director,Human Resources,2,26,20,4,18,3,6,17,3,3,4,3,6171,19,Male,Single,No,4,0,0.15,0.2,0.3,0.9,Fast-track performers,Medium,0.30000000000000004,True
1513,58,Research & Development,Manager,Marketing,1,33,1,0,0,0,3,14,3,1,4,3,5767,7,Female,Divorced,No,5,0,0.0,0.0,3.0,0.0,Fast-track performers,Low,0.0,False
1514,47,Human Resources,Human Resources,Other,5,15,14,11,1,7,2,18,3,4,4,3,14145,16,Male,Single,No,8,0,0.5,0.7857142857142857,0.14285714285714285,0.07142857142857142,High-risk stagnation profiles,High,0.6071428571428571,True
1515,34,Research & Development,Manager,Marketing,1,9,6,3,6,3,5,19,3,4,4,4,3066,29,Female,Married,No,6,0,0.5,0.5,0.8333333333333334,1.0,High-risk stagnation profiles,Medium,0.5166666666666667,True
1516,37,Sales,Manager,Medical,2,10,3,0,2,0,4,23,4,1,3,3,4994,6,Female,Married,Yes,4,0,0.0,0.0,1.3333333333333333,0.6666666666666666,Fast-track performers,Low,0.06666666666666667,False
1517,42,Sales,Manager,Marketing,3,19,17,3,16,2,1,22,4,3,1,3,7382,10,Female,Married,No,4,0,0.11764705882352941,0.17647058823529413,0.058823529411764705,0.9411764705882353,Fast-track performers,Medium,0.3058823529411765,True
1518,39,Research & Development,Manager,Life Sciences,2,14,14,3,13,1,1,13,3,3,2,2,6367,27,Female,Single,No,9,0,0.07142857142857142,0.21428571428571427,0.07142857142857142,0.9285714285714286,Fast-track performers,Medium,0.3,True
1519,30,Sales,Manager,Technical Degree,1,3,2,1,2,1,4,17,4,4,2,2,2622,10,Female,Married,Yes,8,0,0.5,0.5,2.0,1.0,Stable long-term contributors,Medium,0.5,True
1520,36,Research & Development,Manager,Technical Degree,5,8,0,0,0,0,1,22,3,1,4,4,15786,26,Female,Single,No,8,0,0.0,0.0,1.0,0.0,Fast-track performers,Low,0.0,False
1521,53,Research & Development,Research Director,Human Resources,2,11,3,0,0,0,5,20,3,3,2,3,5638,11,Male,Married,Yes,1,0,0.0,0.0,1.6666666666666667,0.0,Fast-track performers,Low,0.0,False
1522,29,Sales,Sales Representative,Life Sciences,2,5,0,0,0,0,4,19,3,2,4,3,5326,22,Male,Married,No,6,0,0.0,0.0,4.0,0.0,Fast-track performers,Low,0.0,False
1523,58,Sales,Sales Executive,Medical,1,23,13,2,6,2,3,11,4,3,3,3,4439,10,Female,Divorced,No,9,0,0.15384615384615385,0.15384615384615385,0.23076923076923078,0.46153846153846156,Stable long-term contributors,Medium,0.24615384615384617,True
1524,36,Research & Development,Research Scientist,Life Sciences,2,8,3,3,0,2,3,12,3,4,4,4,6471,25,Male,Divorced,No,0,0,0.6666666666666666,1.0,1.0,0.0,High-risk stagnation profiles,High,0.6666666666666667,True
1525,29,Research & Development,Manufacturing Director,Marketing,2,7,3,1,3,1,3,17,3,4,1,3,5205,14,Male,Married,No,3,0,0.3333333333333333,0.3333333333333333,1.0,1.0,Fast-track performers,Medium,0.3666666666666667,True
1526,26,Research & Development,Laboratory Technician,Life Sciences,1,2,0,0,0,0,3,25,3,1,2,3,2348,15,Female,Divorced,No,1,0,0.0,0.0,3.0,0.0,Fast-track performers,Low,0.0,False
1527,24,Research & Development,Laboratory Technician,Life Sciences,1,0,0,0,0,0,4,23,3,3,4,3,3007,7,Female,Single,No,9,0,0.0,0.0,4.0,0.0,Fast-track performers,Low,0.0,False
1528,45,Research & Development,Manufacturing Director,Medical,4,14,9,6,2,3,6,12,3,4,2,1,11570,13,Male,Divorced,No,8,0,0.3333333333333333,0.6666666666666666,0.6666666666666666,0.2222222222222222,High-risk stagnation profiles,Medium,0.45555555555555555,True
1529,31,Research & Development,Laboratory Technician,Marketing,1,2,1,1,0,1,3,17,3,2,2,4,2805,11,Male,Single,Yes,5,0,1.0,1.0,3.0,0.0,High-risk stagnation profiles,High,0.8,True
1530,48,Research & Development,Manager,Other,1,19,17,7,17,7,3,11,3,4,2,4,3786,7,Male,Married,Yes,3,0,0.4117647058823529,0.4117647058823529,0.17647058823529413,1.0,Fast-track performers,Medium,0.5117647058823529,True
1531,36,Research & Development,Research Scientist,Other,2,14,13,7,12,4,2,25,4,4,1,4,6649,11,Male,Single,No,2,1,0.3076923076923077,0.5384615384615384,0.15384615384615385,0.9230769230769231,Fast-track performers,Medium,0.5153846153846154,False
1532,33,Research & Development,Research Scientist,Technical Degree,3,4,2,2,1,2,4,13,3,4,2,4,6934,14,Female,Divorced,No,3,0,1.0,1.0,2.0,0.5,High-risk stagnation profiles,High,0.8500000000000001,True
1533,22,Research & Development,Manufacturing Director,Human Resources,1,2,0,0,0,0,4,25,4,2,3,4,1954,17,Female,Married,No,1,0,0.0,0.0,4.0,0.0,Fast-track performers,Low,0.0,False
1534,52,Research & Development,Laboratory Technician,Life Sciences,2,21,16,6,6,4,4,15,3,2,3,3,7313,16,Female,Married,No,4,0,0.25,0.375,0.25,0.375,Fast-track performers,Medium,0.36250000000000004,True
1535,29,Sales,Sales Representative,Technical Degree,1,9,2,1,0,1,0,24,3,4,3,4,2781,1,Male,Divorced,Yes,8,1,0.5,0.5,0.0,0.0,Stable long-term contributors,Medium,0.5,False
1536,42,Research & Development,Research Scientist,Medical,1,9,2,0,0,0,5,22,3,3,1,3,3374,9,Male,Married,Yes,5,1,0.0,0.0,2.5,0.0,Fast-track performers,Low,0.0,False
1537,38,Sales,Sales Executive,Other,1,12,12,5,3,3,3,24,3,1,4,2,2958,9,Female,Married,No,1,1,0.25,0.4166666666666667,0.25,0.25,Stable long-term contributors,Medium,0.36666666666666675,False
1538,53,Sales,Manager,Life Sciences,4,11,1,1,1,1,4,21,4,3,4,3,10245,28,Male,Single,Yes,5,0,1.0,1.0,4.0,1.0,High-risk stagnation profiles,High,0.9,True
1539,40,Research & Development,Research Scientist,Medical,1,12,4,3,3,2,4,16,3,1,1,4,2520,27,Male,Divorced,No,8,0,0.5,0.75,1.0,0.75,High-risk stagnation profiles,High,0.575,False
1540,33,Sales,Manager,Human Resources,1,4,1,1,1,1,4,25,4,4,3,3,2771,10,Female,Divorced,No,3,0,1.0,1.0,4.0,1.0,High-risk stagnation profiles,High,0.9,True
1541,56,Research & Development,Research Director,Medical,2,18,2,1,1,1,3,23,3,3,1,4,6728,19,Female,Divorced,No,0,1,0.5,0.5,1.5,0.5,High-risk stagnation profiles,Medium,0.45,False
1542,59,Research & Development,Research Director,Life Sciences,4,27,18,14,11,10,3,19,3,4,4,1,9939,15,Male,Single,Yes,1,1,0.5555555555555556,0.7777777777777778,0.16666666666666666,0.6111111111111112,High-risk stagnation profiles,High,0.6777777777777778,False
1543,56,Research & Development,Manager,Human Resources,1,22,7,7,1,4,0,19,3,4,4,2,3306,16,Male,Single,No,4,1,0.5714285714285714,1.0,0.0,0.14285714285714285,High-risk stagnation profiles,High,0.7428571428571428,False
1544,31,Research & Development,Research Scientist,Medical,2,5,3,2,0,1,4,13,3,1,4,3,6653,11,Male,Married,No,9,0,0.3333333333333333,0.6666666666666666,1.3333333333333333,0.0,High-risk stagnation profiles,Medium,0.4,False
1545,48,Research & Development,Research Scientist,Human Resources,1,11,3,0,2,0,1,24,3,3,2,1,3273,27,Female,Single,No,6,0,0.0,0.0,0.3333333333333333,0.6666666666666666,Fast-track performers,Low,0.13333333333333336,False
1546,22,Research & Development,Research Scientist,Life Sciences,2,3,2,0,0,0,3,18,3,4,3,2,6033,24,Female,Single,No,7,0,0.0,0.0,1.5,0.0,Fast-track performers,Low,0.0,False
1547,52,Research & Development,Manufacturing Director,Life Sciences,2,15,10,1,3,1,1,23,3,3,2,2,7260,25,Male,Married,No,2,0,0.1,0.1,0.1,0.3,Fast-track performers,Medium,0.20000000000000004,True
1548,40,Sales,Sales Executive,Human Resources,2,8,0,0,0,0,4,14,3,4,3,4,6683,17,Male,Divorced,No,8,0,0.0,0.0,4.0,0.0,Fast-track performers,Low,0.0,False
1549,46,Research & Development,Research Scientist,Marketing,1,19,7,7,6,4,3,17,3,4,3,1,4288,28,Female,Divorced,No,1,0,0.5714285714285714,1.0,0.42857142857142855,0.8571428571428571,High-risk stagnation profiles,High,0.7714285714285715,True
1550,60,Sales,Manager,Technical Degree,1,12,0,0,0,0,4,16,4,1,1,2,3283,19,Male,Single,No,3,0,0.0,0.0,4.0,0.0,Fast-track performers,Low,0.0,False
1551,28,Research & Development,Laboratory Technician,Medical,1,7,6,3,3,3,4,18,3,4,4,1,3741,13,Female,Single,No,3,0,0.5,0.5,0.6666666666666666,0.5,High-risk stagnation profiles,Medium,0.48333333333333334,True
1552,35,Research & Development,Manufacturing Director,Medical,2,14,4,3,0,1,4,16,3,1,3,3,6671,6,Female,Single,No,5,0,0.25,0.75,1.0,0.0,High-risk stagnation profiles,Medium,0.4,False
1553,29,Sales,Sales Representative,Marketing,1,4,3,0,3,0,1,14,3,1,4,3,3238,15,Female,Married,Yes,9,1,0.0,0.0,0.3333333333333333,1.0,Stable long-term contributors,Low,0.16666666666666669,False
1554,26,Research & Development,Research Scientist,Marketing,3,5,3,0,0,0,4,12,3,4,2,3,5838,16,Female,Married,No,5,0,0.0,0.0,1.3333333333333333,0.0,Fast-track performers,Low,0.0,False
1555,27,Research & Development,Laboratory Technician,Marketing,5,0,1,1,1,1,3,17,3,4,4,3,15680,4,Male,Married,No,2,0,1.0,1.0,3.0,1.0,High-risk stagnation profiles,High,0.9,True
1556,34,Research & Development,Research Director,Other,5,13,10,10,9,6,0,21,3,3,4,2,15009,8,Male,Divorced,Yes,8,0,0.6,1.0,0.0,0.9,High-risk stagnation profiles,High,0.83,True
1557,55,Research & Development,Manager,Other,4,31,26,8,16,5,2,25,3,2,4,3,13524,25,Female,Married,No,4,0,0.19230769230769232,0.3076923076923077,0.07692307692307693,0.6153846153846154,Fast-track performers,Medium,0.35384615384615387,True
1558,24,Human Resources,Human Resources,Human Resources,2,1,0,0,0,0,2,23,3,3,4,4,3898,7,Male,Married,Yes,1,0,0.0,0.0,2.0,0.0,Fast-track performers,Low,0.0,False
1559,30,Research & Development,Research Scientist,Other,3,1,1,1,0,1,1,21,3,2,4,2,6417,27,Male,Married,Yes,5,1,1.0,1.0,1.0,0.0,High-risk stagnation profiles,High,0.8,False
1560,57,Sales,Sales Representative,Life Sciences,1,26,21,14,12,13,3,14,3,2,3,3,4311,17,Male,Married,Yes,2,0,0.6190476190476191,0.6666666666666666,0.14285714285714285,0.5714285714285714,Stable long-term contributors,High,0.6571428571428571,True
1561,59,Research & Development,Manufacturing Director,Human Resources,2,24,15,10,6,9,0,23,3,2,2,2,6211,16,Male,Married,Yes,7,0,0.6,0.6666666666666666,0.0,0.4,High-risk stagnation profiles,High,0.6466666666666666,True
1562,26,Research & Development,Research Scientist,Medical,2,3,1,0,1,0,3,19,3,3,4,2,4886,2,Male,Divorced,Yes,2,0,0.0,0.0,3.0,1.0,Fast-track performers,Low,0.1,False
1563,44,Research & Development,Research Director,Technical Degree,2,6,3,1,3,1,2,19,3,4,4,3,6354,17,Female,Married,No,4,1,0.3333333333333333,0.3333333333333333,0.6666666666666666,1.0,Fast-track performers,Medium,0.4,False
1564,19,Research & Development,Research Scientist,Life Sciences,3,0,0,0,0,0,2,17,3,2,4,3,5767,25,Male,Divorced,No,3,0,0.0,0.0,2.0,0.0,Fast-track performers,Low,0.0,False
1565,22,Research & Development,Research Director,Medical,1,5,5,4,5,2,5,15,3,2,3,2,2653,4,Male,Single,Yes,3,0,0.4,0.8,1.0,1.0,High-risk stagnation profiles,High,0.5800000000000001,True
1566,46,Sales,Sales Representative,Medical,1,16,9,0,9,0,3,13,3,4,2,2,3661,26,Male,Single,No,1,0,0.0,0.0,0.3333333333333333,1.0,Stable long-term contributors,Low,0.16666666666666669,False
1567,54,Sales,Sales Representative,Human Resources,5,17,13,7,3,4,2,13,3,4,4,4,12252,14,Male,Divorced,No,7,0,0.3076923076923077,0.5384615384615384,0.15384615384615385,0.23076923076923078,Stable long-term contributors,Medium,0.44615384615384623,True
1568,55,Research & Development,Healthcare Representative,Marketing,1,21,17,15,2,11,3,19,4,4,4,4,3591,8,Female,Married,No,2,0,0.6470588235294118,0.8823529411764706,0.17647058823529413,0.11764705882352941,High-risk stagnation profiles,High,0.7058823529411765,True
1569,36,Human Resources,Manager,Marketing,2,14,5,1,3,1,2,19,3,2,2,4,5415,5,Male,Married,No,3,1,0.2,0.2,0.4,0.6,Fast-track performers,Medium,0.28,False
1570,25,Sales,Sales Executive,Life Sciences,4,2,0,0,0,0,1,22,3,1,2,3,8311,5,Male,Married,Yes,5,0,0.0,0.0,1.0,0.0,Stable long-term contributors,Low,0.0,False
1571,18,Sales,Manager,Marketing,2,0,0,0,0,0,0,23,3,3,3,3,5393,5,Male,Married,No,8,0,0.0,0.0,0.0,0.0,Fast-track performers,Low,0.1,False
1572,39,Research & Development,Research Scientist,Medical,2,5,5,3,4,2,6,21,3,3,2,3,6482,27,Female,Married,No,3,1,0.4,0.6,1.2,0.8,High-risk stagnation profiles,Medium,0.48000000000000004,False
1573,34,Research & Development,Research Scientist,Marketing,1,4,1,1,0,1,4,14,3,3,1,1,2676,5,Male,Divorced,No,2,1,1.0,1.0,4.0,0.0,High-risk stagnation profiles,High,0.8,False
1574,24,Research & Development,Healthcare Representative,Other,1,5,4,1,3,0,4,21,3,3,2,3,2579,3,Male,Divorced,No,4,0,0.0,0.25,1.0,0.75,Fast-track performers,Low,0.17500000000000002,False
1575,42,Research & Development,Research Director,Marketing,4,16,4,0,4,0,6,11,4,2,4,3,9237,6,Male,Married,Yes,8,0,0.0,0.0,1.5,1.0,Fast-track performers,Low,0.1,False
1576,21,Research & Development,Research Scientist,Medical,2,1,1,1,1,1,5,23,3,3,1,2,5970,1,Male,Married,No,0,0,1.0,1.0,5.0,1.0,High-risk stagnation profiles,High,0.9,True
1577,53,Sales,Sales Executive,Human Resources,2,19,18,18,12,14,4,20,3,4,3,4,7519,8,Male,Divorced,Yes,4,0,0.7777777777777778,1.0,0.2222222222222222,0.6666666666666666,Stable long-term contributors,High,0.8555555555555556,True
1578,23,Research & Development,Manufacturing Director,Life Sciences,1,5,3,0,0,0,4,15,3,3,4,2,2718,13,Female,Married,No,3,0,0.0,0.0,1.3333333333333333,0.0,Fast-track performers,Low,0.0,False
1579,48,Research & Development,Laboratory Technician,Technical Degree,1,21,6,1,6,1,3,24,4,4,4,3,3263,20,Male,Married,No,4,0,0.16666666666666666,0.16666666666666666,0.5,1.0,Fast-track performers,Medium,0.2833333333333333,True
1580,36,Sales,Manager,Marketing,5,11,3,2,3,1,1,18,3,3,4,2,13904,6,Female,Single,No,6,0,0.3333333333333333,0.6666666666666666,0.3333333333333333,1.0,Stable long-term contributors,High,0.5666666666666667,True
1581,56,Sales,Sales Representative,Medical,2,13,8,4,5,4,3,20,3,2,3,3,6591,18,Male,Married,Yes,6,1,0.5,0.5,0.375,0.625,Stable long-term contributors,Medium,0.525,False
1582,44,Research & Development,Research Scientist,Technical Degree,2,9,9,1,0,1,3,25,3,2,4,1,5600,18,Male,Single,No,6,0,0.1111111111111111,0.1111111111111111,0.3333333333333333,0.0,Fast-track performers,Low,0.15555555555555556,False
1583,27,Sales,Manager,Technical Degree,1,5,1,0,0,0,6,25,3,3,1,2,3088,16,Female,Single,No,0,1,0.0,0.0,6.0,0.0,Fast-track performers,Low,0.0,False
1584,43,Research & Development,Manufacturing Director,Other,3,18,15,10,3,4,3,14,3,1,4,3,9813,8,Male,Divorced,No,8,0,0.26666666666666666,0.6666666666666666,0.2,0.2,Fast-track performers,Medium,0.4733333333333334,False
1585,36,Research & Development,Healthcare Representative,Technical Degree,5,10,4,1,3,1,4,20,4,4,3,3,16307,17,Female,Married,No,6,0,0.25,0.25,1.0,0.75,Fast-track performers,Medium,0.275,True
1586,56,Research & Development,Manufacturing Director,Human Resources,2,26,7,6,6,4,3,20,3,4,2,3,5196,8,Female,Divorced,No,3,0,0.5714285714285714,0.8571428571428571,0.42857142857142855,0.8571428571428571,High-risk stagnation profiles,High,0.7142857142857143,True
1587,20,Research & Development,Manager,Medical,1,0,1,0,1,0,2,14,3,3,3,2,3196,15,Female,Married,Yes,3,0,0.0,0.0,2.0,1.0,Fast-track performers,Low,0.1,False
1588,30,Research & Development,Laboratory Technician,Medical,2,7,4,3,4,1,3,23,3,1,1,3,5216,26,Male,Married,No,1,0,0.25,0.75,0.75,1.0,High-risk stagnation profiles,Medium,0.525,False
1589,45,Research & Development,Research Scientist,Marketing,3,9,9,4,7,4,3,22,3,4,4,3,9114,10,Male,Single,Yes,5,0,0.4444444444444444,0.4444444444444444,0.3333333333333333,0.7777777777777778,Fast-track performers,Medium,0.5,True
1590,37,Research & Development,Manager,Marketing,2,11,11,3,3,2,3,24,3,2,3,2,6174,1,Male,Divorced,Yes,9,0,0.18181818181818182,0.2727272727272727,0.2727272727272727,0.2727272727272727,Fast-track performers,Medium,0.28181818181818186,True
1591,45,Research & Development,Laboratory Technician,Marketing,4,19,7,3,2,2,3,19,3,1,3,4,11116,9,Male,Single,No,2,1,0.2857142857142857,0.42857142857142855,0.42857142857142855,0.2857142857142857,Fast-track performers,Medium,0.37142857142857144,False
1592,25,Research & Development,Research Director,Human Resources,2,5,0,0,0,0,2,25,3,3,2,3,5913,17,Male,Married,No,0,0,0.0,0.0,2.0,0.0,Fast-track performers,Low,0.0,False
1593,58,Sales,Manager,Technical Degree,4,16,5,3,1,3,3,19,3,4,2,2,10488,20,Male,Single,Yes,4,0,0.6,0.6,0.6,0.2,Stable long-term contributors,Medium,0.54,True
1594,56,Research & Development,Healthcare Representative,Technical Degree,2,19,15,14,3,8,3,17,3,2,4,4,4856,25,Male,Single,No,5,0,0.5333333333333333,0.9333333333333333,0.2,0.2,High-risk stagnation profiles,High,0.6866666666666668,True
1595,18,Research & Development,Manufacturing Director,Other,1,0,1,1,0,1,3,20,3,3,4,4,2484,1,Male,Single,No,4,1,1.0,1.0,3.0,0.0,High-risk stagnation profiles,High,0.8,False
1596,20,Research & Development,Research Director,Human Resources,1,0,1,1,1,1,3,18,3,3,4,4,2531,9,Female,Married,Yes,4,1,1.0,1.0,3.0,1.0,High-risk stagnation profiles,High,0.9,False
1597,30,Research & Development,Manufacturing Director,Marketing,1,5,3,1,1,1,1,22,3,1,2,3,2520,14,Female,Divorced,No,9,0,0.3333333333333333,0.3333333333333333,0.3333333333333333,0.3333333333333333,Fast-track performers,Medium,0.3666666666666667,False
1598,45,Research & Development,Manager,Life Sciences,4,17,10,9,3,7,2,22,3,2,2,3,13431,24,Male,Married,No,7,0,0.7,0.9,0.2,0.3,High-risk stagnation profiles,High,0.75,True
1599,42,Sales,Sales Executive,Other,3,15,2,1,0,1,3,14,4,4,3,2,7690,5,Female,Married,No,9,0,0.5,0.5,1.5,0.0,Stable long-term contributors,Medium,0.4,True
1600,50,Research & Development,Research Scientist,Life Sciences,3,24,11,9,9,7,3,18,3,3,3,3,8730,6,Male,Divorced,No,0,1,0.6363636363636364,0.8181818181818182,0.2727272727272727,0.8181818181818182,High-risk stagnation profiles,High,0.7363636363636364,False
1601,55,Research & Development,Research Scientist,Technical Degree,1,13,13,9,4,8,3,24,3,1,2,4,2695,5,Male,Married,No,7,0,0.6153846153846154,0.6923076923076923,0.23076923076923078,0.3076923076923077,High-risk stagnation profiles,High,0.6307692307692309,False
1602,23,Sales,Manager,Other,1,3,0,0,0,0,5,16,3,2,4,3,2699,4,Male,Divorced,No,6,0,0.0,0.0,5.0,0.0,Fast-track performers,Low,0.0,False
1603,49,Research & Development,Research Director,Other,3,22,5,1,4,1,2,23,3,3,3,4,7728,28,Female,Married,No,0,0,0.2,0.2,0.4,0.8,Fast-track performers,Medium,0.30000000000000004,True
1604,38,Research & Development,Research Scientist,Medical,2,10,2,0,2,0,0,13,3,4,2,2,5596,16,Male,Divorced,No,8,0,0.0,0.0,0.0,1.0,Fast-track performers,Medium,0.2,True
1605,33,Research & Development,Research Director,Technical Degree,1,10,1,0,0,0,3,17,3,2,2,3,2525,16,Male,Married,Yes,3,1,0.0,0.0,3.0,0.0,Fast-track performers,Low,0.0,False
1606,38,Research & Development,Manufacturing Director,Technical Degree,2,12,6,5,1,4,3,13,3,3,3,4,4498,10,Female,Single,No,6,0,0.6666666666666666,0.8333333333333334,0.5,0.16666666666666666,High-risk stagnation profiles,High,0.6666666666666669,True
1607,28,Research & Development,Manager,Human Resources,1,3,2,1,0,1,3,21,3,2,4,3,3159,14,Male,Single,No,2,0,0.5,0.5,1.5,0.0,High-risk stagnation profiles,Medium,0.4,True
1608,54,Research & Development,Research Director,Other,1,24,4,4,2,2,4,17,3,2,3,4,4462,13,Female,Single,No,7,0,0.5,1.0,1.0,0.5,High-risk stagnation profiles,High,0.6500000000000001,True
1609,53,Sales,Sales Representative,Technical Degree,2,21,8,8,8,6,4,15,3,1,3,3,6192,28,Male,Married,Yes,3,1,0.75,1.0,0.5,1.0,Stable long-term contributors,High,0.8500000000000001,False
1610,52,Sales,Manager,Other,1,23,2,2,1,1,1,14,4,4,1,3,2923,4,Female,Divorced,No,1,0,0.5,1.0,0.5,0.5,Stable long-term contributors,High,0.7000000000000002,True
1611,36,Sales,Manager,Human Resources,5,10,7,7,4,4,5,13,3,3,4,3,15696,14,Female,Married,No,1,0,0.5714285714285714,1.0,0.7142857142857143,0.5714285714285714,High-risk stagnation profiles,High,0.7142857142857143,True
1612,37,Sales,Manager,Human Resources,1,12,5,1,2,0,1,18,3,4,4,4,2689,26,Female,Divorced,No,7,0,0.0,0.2,0.2,0.4,Fast-track performers,Medium,0.20000000000000004,True
1613,35,Research & Development,Manufacturing Director,Medical,1,9,3,3,0,2,3,14,3,4,4,3,3865,24,Female,Married,No,7,0,0.6666666666666666,1.0,1.0,0.0,High-risk stagnation profiles,High,0.6666666666666667,True
1614,58,Sales,Sales Representative,Other,1,12,11,5,1,2,4,18,3,4,1,2,3059,24,Female,Married,No,0,0,0.18181818181818182,0.45454545454545453,0.36363636363636365,0.09090909090909091,Stable long-term contributors,Medium,0.3272727272727273,True
1615,31,Research & Development,Research Scientist,Technical Degree,3,4,3,0,1,0,4,20,3,2,3,3,7081,9,Male,Single,No,5,0,0.0,0.0,1.3333333333333333,0.3333333333333333,Fast-track performers,Low,0.03333333333333333,False
1616,32,Research & Development,Healthcare Representative,Technical Degree,2,5,0,0,0,0,2,13,3,2,3,3,6024,3,Female,Married,No,8,0,0.0,0.0,2.0,0.0,Fast-track performers,Low,0.0,False
1617,48,Research & Development,Healthcare Representative,Other,2,15,4,0,4,0,3,20,3,4,4,1,7041,10,Female,Married,Yes,8,0,0.0,0.0,0.75,1.0,Fast-track performers,Low,0.125,False
1618,18,Research & Development,Healthcare Representative,Other,1,1,1,0,0,0,3,23,3,4,4,3,2401,15,Male,Divorced,No,1,0,0.0,0.0,3.0,0.0,Fast-track performers,Low,0.0,False
1619,20,Research & Development,Laboratory Technician,Other,1,0,0,0,0,0,2,19,3,4,4,2,2370,24,Female,Married,Yes,7,0,0.0,0.0,2.0,0.0,Fast-track performers,Low,0.0,False
1620,33,Human Resources,Manager,Marketing,2,9,9,7,0,3,0,16,3,1,1,3,5343,19,Male,Married,No,7,0,0.3333333333333333,0.7777777777777778,0.0,0.0,High-risk stagnation profiles,Medium,0.5444444444444444,False
1621,40,Research & Development,Manager,Technical Degree,3,12,5,4,2,3,3,25,3,3,4,4,10229,2,Male,Single,Yes,3,0,0.6,0.8,0.6,0.4,High-risk stagnation profiles,High,0.6400000000000001,True
1622,28,Research & Development,Manufacturing Director,Human Resources,4,6,5,0,3,0,3,15,3,4,3,3,11477,2,Male,Married,No,3,0,0.0,0.0,0.6,0.6,Fast-track performers,Low,0.1,False
1623,29,Research & Development,Research Scientist,Technical Degree,1,9,8,3,3,2,4,15,3,1,4,4,2688,9,Female,Divorced,No,4,1,0.25,0.375,0.5,0.375,Fast-track performers,Medium,0.3375,False
1624,27,Sales,Sales Executive,Marketing,2,6,6,6,6,5,1,23,4,3,3,2,4367,4,Male,Married,No,9,0,0.8333333333333334,1.0,0.16666666666666666,1.0,Stable long-term contributors,High,0.9166666666666667,True
1625,49,Research & Development,Manager,Other,4,21,11,10,5,5,4,13,3,3,2,4,10121,5,Male,Single,No,6,0,0.45454545454545453,0.9090909090909091,0.36363636363636365,0.45454545454545453,High-risk stagnation profiles,High,0.6545454545454544,True
1626,33,Sales,Manager,Medical,2,5,4,3,1,2,1,12,3,1,3,2,4781,2,Male,Single,No,0,0,0.5,0.75,0.25,0.25,Stable long-term contributors,High,0.6,False
1627,25,Research & Development,Manufacturing Director,Other,4,2,1,0,1,0,5,16,3,2,1,1,8631,25,Female,Married,Yes,8,0,0.0,0.0,5.0,1.0,Fast-track performers,Low,0.1,False
1628,55,Research & Development,Laboratory Technician,Other,1,19,3,2,1,1,3,21,3,2,3,4,4296,7,Female,Married,Yes,2,0,0.3333333333333333,0.6666666666666666,1.0,0.3333333333333333,High-risk stagnation profiles,Medium,0.43333333333333335,True
1629,29,Research & Development,Manufacturing Director,Marketing,5,2,1,1,0,1,3,11,3,1,4,3,9943,19,Male,Married,No,3,1,1.0,1.0,3.0,0.0,High-risk stagnation profiles,High,0.8,False
1630,41,Sales,Manager,Technical Degree,3,9,2,2,1,1,5,25,3,3,1,2,7491,6,Female,Divorced,No,6,0,0.5,1.0,2.5,0.5,High-risk stagnation profiles,High,0.6500000000000001,True
1631,45,Research & Development,Laboratory Technician,Other,5,13,9,7,8,4,2,25,3,2,2,4,13905,23,Male,Married,No,4,0,0.4444444444444444,0.7777777777777778,0.2222222222222222,0.8888888888888888,High-risk stagnation profiles,High,0.6555555555555556,True
1632,25,Research & Development,Healthcare Representative,Technical Degree,3,2,2,2,2,1,2,24,3,2,1,3,6767,16,Male,Single,No,4,0,0.5,1.0,1.0,1.0,High-risk stagnation profiles,High,0.7000000000000001,True
1633,45,Research & Development,Healthcare Representative,Life Sciences,2,16,3,1,2,1,3,17,4,4,3,4,4817,14,Male,Divorced,No,0,1,0.3333333333333333,0.3333333333333333,1.0,0.6666666666666666,Fast-track performers,Medium,0.3333333333333333,False
1634,53,Research & Development,Research Scientist,Human Resources,5,12,5,0,2,0,2,25,4,3,4,3,10522,12,Male,Married,No,1,0,0.0,0.0,0.4,0.4,Fast-track performers,Low,0.1,False
1635,43,Research & Development,Research Scientist,Technical Degree,1,13,11,8,6,6,3,15,4,3,2,3,2948,6,Female,Divorced,No,4,0,0.5454545454545454,0.7272727272727273,0.2727272727272727,0.5454545454545454,High-risk stagnation profiles,High,0.6363636363636365,True
1636,25,Research & Development,Healthcare Representative,Medical,1,4,2,2,1,1,2,14,3,4,1,3,3328,26,Female,Married,No,1,0,0.5,1.0,1.0,0.5,High-risk stagnation profiles,High,0.6500000000000001,True
1637,45,Research & Development,Manager,Human Resources,3,17,9,6,1,4,5,19,4,4,4,2,9277,27,Male,Single,No,0,0,0.4444444444444444,0.6666666666666666,0.5555555555555556,0.1111111111111111,High-risk stagnation profiles,Medium,0.5,True
1638,45,Research & Development,Research Director,Medical,3,12,0,0,0,0,3,20,3,1,4,3,6407,26,Male,Single,Yes,9,0,0.0,0.0,3.0,0.0,Fast-track performers,Low,0.0,False
1639,54,Research & Development,Manufacturing Director,Other,5,27,16,7,5,3,0,11,3,3,1,3,13205,22,Female,Single,Yes,2,0,0.1875,0.4375,0.0,0.3125,Fast-track performers,Medium,0.38125,True
1640,58,Research & Development,Research Director,Human Resources,1,32,15,5,6,3,4,21,3,3,4,1,4233,13,Male,Divorced,Yes,0,0,0.2,0.3333333333333333,0.26666666666666666,0.4,Fast-track performers,Medium,0.32666666666666666,True
1641,53,Research & Development,Manufacturing Director,Technical Degree,3,19,8,0,2,0,3,25,3,2,4,2,9417,15,Male,Single,No,9,0,0.0,0.0,0.375,0.25,Fast-track performers,Low,0.0875,False
1642,44,Sales,Sales Executive,Human Resources,3,10,8,0,3,0,3,14,4,4,4,2,8017,24,Female,Divorced,No,7,0,0.0,0.0,0.375,0.375,Stable long-term contributors,Low,0.1,False
1643,34,Research & Development,Manager,Other,1,12,4,1,3,1,3,13,3,4,3,4,3540,14,Female,Married,No,7,0,0.25,0.25,0.75,0.75,Fast-track performers,Medium,0.30000000000000004,True
1644,26,Sales,Sales Executive,Marketing,2,3,0,0,0,0,3,16,3,4,4,3,4750,8,Male,Married,No,7,0,0.0,0.0,3.0,0.0,Fast-track performers,Low,0.0,False
1645,50,Sales,Sales Executive,Medical,1,9,6,5,2,2,3,15,3,2,1,3,2622,21,Male,Divorced,No,6,0,0.3333333333333333,0.8333333333333334,0.5,0.3333333333333333,Stable long-term contributors,Medium,0.55,True
1646,37,Research & Development,Research Scientist,Other,1,9,8,7,6,4,3,17,4,2,2,4,3349,20,Male,Single,Yes,6,0,0.5,0.875,0.375,0.75,High-risk stagnation profiles,High,0.6875,True
1647,30,Sales,Sales Representative,Marketing,5,9,6,0,6,0,1,23,3,4,3,3,15619,11,Male,Single,No,1,0,0.0,0.0,0.16666666666666666,1.0,Stable long-term contributors,Low,0.18333333333333335,False
1648,45,Research & Development,Research Director,Human Resources,2,11,8,1,3,1,6,11,4,3,3,4,6836,21,Female,Married,No,8,0,0.125,0.125,0.75,0.375,Fast-track performers,Low,0.1625,False
1649,46,Human Resources,Manager,Human Resources,3,10,1,1,0,1,4,23,3,2,4,2,6071,9,Male,Single,No,6,0,1.0,1.0,4.0,0.0,High-risk stagnation profiles,High,0.8,True
1650,30,Research & Development,Manufacturing Director,Other,5,5,2,1,2,1,2,15,3,4,3,2,14498,12,Female,Divorced,Yes,4,0,0.5,0.5,1.0,1.0,High-risk stagnation profiles,Medium,0.5,True
1651,52,Research & Development,Research Scientist,Technical Degree,2,26,10,9,4,6,4,24,3,2,1,3,6749,26,Male,Divorced,Yes,3,0,0.6,0.9,0.4,0.4,High-risk stagnation profiles,High,0.7000000000000002,True
1652,23,Sales,Sales Representative,Human Resources,3,1,1,1,0,1,3,12,3,2,3,3,9454,6,Male,Divorced,No,7,0,1.0,1.0,3.0,0.0,Stable long-term contributors,High,0.8,True
1653,35,Sales,Sales Representative,Technical Degree,2,9,6,1,1,1,1,12,3,4,3,4,4836,19,Male,Divorced,Yes,4,0,0.16666666666666666,0.16666666666666666,0.16666666666666666,0.16666666666666666,Stable long-term contributors,Medium,0.23333333333333334,True
1654,22,Sales,Sales Executive,Technical Degree,4,2,1,0,1,0,2,21,3,2,4,3,11456,3,Male,Married,No,5,0,0.0,0.0,2.0,1.0,Stable long-term contributors,Low,0.1,False
1655,42,Research & Development,Manufacturing Director,Technical Degree,1,11,4,4,4,3,0,25,3,1,3,2,2616,1,Male,Married,Yes,3,1,0.75,1.0,0.0,1.0,High-risk stagnation profiles,High,0.9,False
1656,19,Research & Development,Manager,Life Sciences,5,0,1,0,1,0,4,21,3,2,3,3,13419,15,Female,Single,No,1,1,0.0,0.0,4.0,1.0,Fast-track performers,Low,0.1,False
1657,27,Sales,Sales Executive,Marketing,1,1,0,0,0,0,3,12,3,3,4,3,2366,15,Female,Married,No,6,1,0.0,0.0,3.0,0.0,Fast-track performers,Low,0.0,False
1658,47,Research & Development,Manufacturing Director,Marketing,1,20,2,2,2,2,3,19,3,1,4,2,4168,5,Female,Single,No,1,0,1.0,1.0,1.5,1.0,High-risk stagnation profiles,High,0.9,False
1659,22,Sales,Sales Representative,Human Resources,3,0,1,1,1,1,1,20,3,3,3,3,9026,22,Female,Divorced,Yes,6,1,1.0,1.0,1.0,1.0,Stable long-term contributors,High,0.9,False
1660,50,Sales,Sales Representative,Human Resources,2,22,17,13,17,6,3,13,3,3,2,4,6313,24,Female,Divorced,No,6,0,0.35294117647058826,0.7647058823529411,0.17647058823529413,1.0,Stable long-term contributors,High,0.6294117647058824,True
1661,18,Research & Development,Healthcare Representative,Technical Degree,2,0,0,0,0,0,3,14,3,4,4,4,5072,11,Female,Single,No,0,0,0.0,0.0,3.0,0.0,Fast-track performers,Low,0.0,False
1662,35,Research & Development,Research Scientist,Life Sciences,2,7,2,0,0,0,4,25,3,2,4,3,4280,25,Male,Single,No,9,0,0.0,0.0,2.0,0.0,Fast-track performers,Low,0.0,False
1663,49,Research & Development,Research Director,Technical Degree,3,14,1,1,1,1,6,15,3,4,4,3,8312,23,Female,Married,Yes,9,0,1.0,1.0,6.0,1.0,High-risk stagnation profiles,High,0.9,True
1664,28,Research & Development,Healthcare Representative,Life Sciences,1,4,0,0,0,0,3,24,3,2,4,1,2525,1,Male,Divorced,No,2,1,0.0,0.0,3.0,0.0,Fast-track performers,Low,0.0,False
1665,38,Sales,Sales Representative,Technical Degree,1,8,4,1,1,1,3,14,3,4,4,3,2753,23,Male,Married,Yes,2,0,0.25,0.25,0.75,0.25,Stable long-term contributors,Medium,0.25,True
1666,43,Research & Development,Manager,Medical,1,12,10,3,7,2,3,14,4,3,4,3,3701,10,Female,Married,No,5,0,0.2,0.3,0.3,0.7,Fast-track performers,Medium,0.34,True
1667,42,Sales,Manager,Medical,2,9,7,1,2,1,4,15,3,1,4,3,4792,25,Female,Divorced,No,2,0,0.14285714285714285,0.14285714285714285,0.5714285714285714,0.2857142857142857,Fast-track performers,Low,0.18571428571428572,False
1668,39,Research & Development,Manufacturing Director,Other,1,17,6,2,6,1,2,20,4,4,2,2,4189,20,Male,Single,Yes,8,0,0.16666666666666666,0.3333333333333333,0.3333333333333333,1.0,Fast-track performers,Medium,0.3666666666666667,True
1669,44,Human Resources,Manager,Technical Degree,2,20,17,0,15,0,3,25,3,2,3,4,7038,11,Male,Married,Yes,4,0,0.0,0.0,0.17647058823529413,0.8823529411764706,Fast-track performers,Low,0.17058823529411765,False
1670,30,Research & Development,Manager,Human Resources,2,9,7,0,0,0,4,19,3,2,3,4,6952,28,Male,Married,No,5,0,0.0,0.0,0.5714285714285714,0.0,Fast-track performers,Low,0.042857142857142864,False
1671,50,Research & Development,Research Director,Marketing,1,18,13,6,0,3,0,22,3,3,2,3,3708,7,Male,Single,Yes,5,0,0.23076923076923078,0.46153846153846156,0.0,0.0,Fast-track performers,Medium,0.3769230769230769,True
1672,51,Research & Development,Healthcare Representative,Other,2,19,6,5,3,5,2,19,3,4,4,2,5061,25,Male,Married,No,7,0,0.8333333333333334,0.8333333333333334,0.3333333333333333,0.5,High-risk stagnation profiles,High,0.7833333333333334,True
1673,58,Sales,Sales Executive,Human Resources,4,21,20,15,9,9,3,24,3,2,4,2,13084,17,Female,Divorced,No,9,1,0.45,0.75,0.15,0.45,Stable long-term contributors,High,0.6100000000000001,False
1674,52,Sales,Sales Representative,Medical,1,28,27,4,19,3,2,24,3,2,4,2,4698,12,Male,Divorced,No,2,1,0.1111111111111111,0.14814814814814814,0.07407407407407407,0.7037037037037037,Stable long-term contributors,Medium,0.26666666666666666,False
1675,18,Sales,Manager,Technical Degree,2,0,0,0,0,0,3,16,4,1,4,3,6183,26,Male,Married,Yes,8,0,0.0,0.0,3.0,0.0,Fast-track performers,Low,0.0,False
1676,38,Research & Development,Laboratory Technician,Other,3,11,3,2,1,2,3,21,3,3,2,2,9121,25,Female,Divorced,Yes,6,0,0.6666666666666666,0.6666666666666666,1.0,0.3333333333333333,High-risk stagnation profiles,High,0.5666666666666667,True
1677,23,Research & Development,Research Scientist,Technical Degree,2,3,0,0,0,0,3,22,3,3,4,4,6023,4,Male,Single,No,5,0,0.0,0.0,3.0,0.0,Fast-track performers,Low,0.0,False
1678,45,Research & Development,Research Scientist,Medical,3,10,4,1,4,0,1,24,3,2,3,4,6641,12,Female,Divorced,No,0,0,0.0,0.25,0.25,1.0,Fast-track performers,Medium,0.275,True
1679,34,Research & Development,Laboratory Technician,Other,2,8,8,2,1,1,5,13,3,1,2,3,5865,24,Male,Single,No,3,0,0.125,0.25,0.625,0.125,Fast-track performers,Medium,0.20000000000000004,False
1680,22,Research & Development,Manager,Medical,2,0,1,0,0,0,0,16,3,3,2,3,5899,3,Female,Married,No,4,0,0.0,0.0,0.0,0.0,Fast-track performers,Low,0.1,False
1681,48,Human Resources,Human Resources,Life Sciences,1,23,19,15,18,12,4,20,3,4,4,3,4275,18,Male,Single,No,1,0,0.631578947368421,0.7894736842105263,0.21052631578947367,0.9473684210526315,High-risk stagnation profiles,High,0.7421052631578947,True
1682,22,Human Resources,Manager,Medical,3,0,0,0,0,0,1,14,3,4,3,4,5520,29,Male,Divorced,Yes,0,0,0.0,0.0,1.0,0.0,Fast-track performers,Low,0.0,False
1683,55,Sales,Sales Executive,Technical Degree,3,21,17,7,9,4,3,13,3,4,4,4,10861,12,Male,Single,No,1,0,0.23529411764705882,0.4117647058823529,0.17647058823529413,0.5294117647058824,Stable long-term contributors,Medium,0.39411764705882346,True
1684,20,Sales,Sales Representative,Marketing,1,1,1,1,1,1,2,16,3,1,3,1,1910,24,Female,Single,Yes,7,1,1.0,1.0,2.0,1.0,Stable long-term contributors,High,0.9,False
1685,40,Research & Development,Manager,Medical,2,18,8,6,1,4,1,25,3,4,2,2,6272,24,Male,Married,Yes,9,1,0.5,0.75,0.125,0.125,High-risk stagnation profiles,High,0.6,False
1686,54,Research & Development,Laboratory Technician,Human Resources,5,12,3,2,2,1,1,21,3,2,2,3,14867,19,Male,Single,No,5,0,0.3333333333333333,0.6666666666666666,0.3333333333333333,0.6666666666666666,High-risk stagnation profiles,Medium,0.5333333333333333,True
1687,54,Research & Development,Research Director,Marketing,2,17,7,0,3,0,3,16,3,4,3,3,4858,13,Female,Single,No,9,0,0.0,0.0,0.42857142857142855,0.42857142857142855,Fast-track performers,Low,0.1,False
1688,27,Sales,Sales Representative,Life Sciences,2,2,0,0,0,0,3,12,3,2,4,2,3871,16,Male,Married,No,1,0,0.0,0.0,3.0,0.0,Fast-track performers,Low,0.0,False
1689,27,Research & Development,Research Scientist,Other,4,6,0,0,0,0,1,19,3,3,1,3,11955,8,Female,Single,No,8,0,0.0,0.0,1.0,0.0,Fast-track performers,Low,0.0,False
1690,36,Research & Development,Research Director,Other,3,11,8,5,7,5,6,18,3,3,4,3,7496,27,Female,Single,No,7,1,0.625,0.625,0.75,0.875,High-risk stagnation profiles,High,0.6125,False
1691,34,Research & Development,Laboratory Technician,Marketing,2,10,8,1,7,1,2,16,3,3,4,2,4481,27,Female,Single,No,3,0,0.125,0.125,0.25,0.875,Fast-track performers,Medium,0.2625,True
1692,38,Research & Development,Laboratory Technician,Other,3,8,3,1,2,1,3,11,4,4,4,4,9086,6,Female,Single,Yes,9,0,0.3333333333333333,0.3333333333333333,1.0,0.6666666666666666,Fast-track performers,Medium,0.3333333333333333,True
1693,31,Sales,Sales Executive,Medical,4,8,1,0,1,0,2,22,3,4,3,1,12634,10,Male,Married,Yes,6,0,0.0,0.0,2.0,1.0,Stable long-term contributors,Low,0.1,False
1694,26,Sales,Sales Executive,Marketing,2,6,4,1,0,1,3,12,3,4,4,3,5582,25,Female,Married,No,2,0,0.25,0.25,0.75,0.0,Stable long-term contributors,Medium,0.225,True
1695,18,Research & Development,Manufacturing Director,Technical Degree,2,1,0,0,0,0,4,25,3,3,3,3,4110,10,Female,Married,No,5,0,0.0,0.0,4.0,0.0,Fast-track performers,Low,0.0,False
1696,30,Human Resources,Human Resources,Medical,2,7,5,5,3,4,3,14,3,3,1,2,4197,29,Male,Single,No,2,0,0.8,1.0,0.6,0.6,High-risk stagnation profiles,High,0.8200000000000001,True
1697,21,Sales,Manager,Medical,5,0,1,1,0,1,2,17,4,1,2,3,13906,6,Male,Married,No,9,0,1.0,1.0,2.0,0.0,High-risk stagnation profiles,High,0.8,False
1698,18,Research & Development,Manufacturing Director,Medical,3,0,1,1,1,1,2,19,3,4,4,3,7711,8,Male,Married,No,2,0,1.0,1.0,2.0,1.0,High-risk stagnation profiles,High,0.9,True
1699,57,Research & Development,Manufacturing Director,Technical Degree,1,21,0,0,0,0,4,20,3,3,1,4,4553,18,Male,Married,No,8,0,0.0,0.0,4.0,0.0,Fast-track performers,Low,0.0,False
1700,49,Research & Development,Laboratory Technician,Life Sciences,4,20,4,0,1,0,1,15,3,4,3,3,13349,17,Female,Married,No,5,0,0.0,0.0,0.25,0.25,Fast-track performers,Low,0.1,False
1701,51,Research & Development,Laboratory Technician,Human Resources,2,7,6,3,6,1,3,20,3,3,1,3,5239,26,Female,Single,No,7,0,0.16666666666666666,0.5,0.5,1.0,Fast-track performers,Medium,0.41666666666666663,True
1702,45,Human Resources,Human Resources,Other,1,16,2,2,0,2,2,12,3,3,2,3,3272,10,Female,Single,No,3,1,1.0,1.0,1.0,0.0,High-risk stagnation profiles,High,0.8,False
1703,48,Research & Development,Manufacturing Director,Marketing,2,10,3,2,3,1,2,25,3,4,1,3,6886,2,Male,Married,Yes,3,0,0.3333333333333333,0.6666666666666666,0.6666666666666666,1.0,High-risk stagnation profiles,Medium,0.5333333333333333,True
1704,25,Sales,Sales Representative,Life Sciences,2,1,0,0,0,0,2,23,3,2,4,4,5181,12,Male,Single,No,7,0,0.0,0.0,2.0,0.0,Stable long-term contributors,Low,0.0,False
1705,56,Research & Development,Healthcare Representative,Marketing,4,26,13,1,1,1,5,21,3,2,3,1,12079,20,Female,Married,No,6,0,0.07692307692307693,0.07692307692307693,0.38461538461538464,0.07692307692307693,Fast-track performers,Low,0.13076923076923078,False
1706,43,Research & Development,Laboratory Technician,Other,1,9,8,0,8,0,4,21,3,2,4,2,3568,10,Male,Married,Yes,4,0,0.0,0.0,0.5,1.0,Fast-track performers,Low,0.15000000000000002,False
1707,51,Research & Development,Manager,Technical Degree,4,11,7,1,7,1,3,21,3,4,4,3,12937,9,Female,Divorced,No,1,0,0.14285714285714285,0.14285714285714285,0.42857142857142855,1.0,Fast-track performers,Medium,0.27142857142857146,True
1708,20,Research & Development,Manager,Medical,2,0,1,0,0,0,2,11,3,1,4,2,5202,16,Female,Married,Yes,5,0,0.0,0.0,2.0,0.0,Fast-track performers,Low,0.0,False
1709,29,Research & Development,Laboratory Technician,Medical,1,8,1,1,0,1,3,20,3,1,3,4,2562,7,Female,Married,Yes,0,0,1.0,1.0,3.0,0.0,High-risk stagnation profiles,High,0.8,False
1710,18,Sales,Manager,Technical Degree,5,0,1,1,1,1,3,24,4,2,3,3,15980,9,Male,Married,No,6,0,1.0,1.0,3.0,1.0,High-risk stagnation profiles,High,0.9,True
1711,22,Research & Development,Manufacturing Director,Life Sciences,2,2,0,0,0,0,3,23,3,3,3,3,5679,25,Male,Single,Yes,8,1,0.0,0.0,3.0,0.0,Fast-track performers,Low,0.0,False
1712,47,Research & Development,Research Director,Life Sciences,1,21,3,1,1,0,1,24,4,3,3,4,3828,25,Male,Married,No,4,0,0.0,0.3333333333333333,0.3333333333333333,0.3333333333333333,Fast-track performers,Medium,0.23333333333333334,True
1713,47,Research & Development,Manager,Marketing,2,7,0,0,0,0,6,11,3,1,4,3,5742,24,Male,Married,No,4,0,0.0,0.0,6.0,0.0,Fast-track performers,Low,0.0,False
1714,34,Research & Development,Healthcare Representative,Technical Degree,4,5,1,0,1,0,3,15,3,4,3,3,9775,6,Female,Married,No,6,0,0.0,0.0,3.0,1.0,Fast-track performers,Low,0.1,False
1715,40,Research & Development,Manufacturing Director,Life Sciences,1,16,2,1,0,1,5,24,3,4,4,1,4405,27,Male,Divorced,Yes,4,1,0.5,0.5,2.5,0.0,High-risk stagnation profiles,Medium,0.4,False
1716,32,Research & Development,Research Scientist,Technical Degree,1,4,1,0,0,0,0,17,3,2,4,3,2737,10,Male,Single,No,9,1,0.0,0.0,0.0,0.0,Fast-track performers,Low,0.1,False
1717,54,Research & Development,Manager,Other,1,12,12,11,7,7,2,19,4,4,2,2,3473,7,Female,Single,No,3,0,0.5833333333333334,0.9166666666666666,0.16666666666666666,0.5833333333333334,High-risk stagnation profiles,High,0.7416666666666668,True
1718,38,Research & Development,Healthcare Representative,Medical,1,11,3,2,2,2,1,19,4,3,4,3,3494,18,Male,Married,No,0,1,0.6666666666666666,0.6666666666666666,0.3333333333333333,0.6666666666666666,High-risk stagnation profiles,High,0.6666666666666666,False
1719,31,Research & Development,Healthcare Representative,Medical,3,8,1,1,0,1,4,18,3,2,2,3,9306,11,Female,Married,No,5,0,1.0,1.0,4.0,0.0,High-risk stagnation profiles,High,0.8,True
1720,19,Research & Development,Manufacturing Director,Medical,2,0,0,0,0,0,3,11,3,2,3,2,5622,1,Male,Single,No,8,0,0.0,0.0,3.0,0.0,Fast-track performers,Low,0.0,False
1721,28,Research & Development,Healthcare Representative,Technical Degree,1,7,0,0,0,0,4,15,3,3,4,3,3385,29,Female,Married,Yes,3,0,0.0,0.0,4.0,0.0,Fast-track performers,Low,0.0,False
1722,56,Research & Development,Manufacturing Director,Technical Degree,1,22,3,0,0,0,4,16,4,3,4,2,3288,21,Female,Married,No,9,0,0.0,0.0,1.3333333333333333,0.0,Fast-track performers,Low,0.0,False
1723,55,Sales,Manager,Marketing,1,12,7,6,4,5,4,16,3,2,1,4,2582,24,Female,Married,Yes,3,1,0.7142857142857143,0.8571428571428571,0.5714285714285714,0.5714285714285714,High-risk stagnation profiles,High,0.7285714285714285,False
1724,51,Sales,Sales Representative,Medical,5,28,13,0,3,0,4,14,3,4,1,1,16389,19,Male,Single,No,4,0,0.0,0.0,0.3076923076923077,0.23076923076923078,Stable long-term contributors,Low,0.09230769230769231,False
1725,55,Research & Development,Manager,Marketing,1,16,7,3,5,2,4,11,3,3,1,4,3933,23,Male,Married,No,5,0,0.2857142857142857,0.42857142857142855,0.5714285714285714,0.7142857142857143,Fast-track performers,Medium,0.4,True
1726,51,Research & Development,Research Director,Medical,5,13,10,6,6,3,4,13,3,4,3,3,10565,5,Female,Married,No,2,1,0.3,0.6,0.4,0.6,Fast-track performers,Medium,0.48,False
1727,35,Human Resources,Manager,Marketing,2,11,9,8,8,8,3,20,3,2,4,3,4494,28,Female,Divorced,No,8,1,0.8888888888888888,0.8888888888888888,0.3333333333333333,0.8888888888888888,High-risk stagnation profiles,High,0.8666666666666667,False
1728,47,Sales,Sales Representative,Marketing,1,11,4,4,4,3,4,25,3,3,4,2,2841,26,Female,Divorced,Yes,0,0,0.75,1.0,1.0,1.0,Stable long-term contributors,High,0.8,True
1729,32,Research & Development,Manufacturing Director,Other,4,2,2,1,1,1,5,25,4,2,4,4,11571,29,Male,Married,No,5,0,0.5,0.5,2.5,0.5,High-risk stagnation profiles,Medium,0.45,True
1730,44,Sales,Sales Representative,Marketing,2,7,6,3,6,1,3,14,3,3,4,2,6006,24,Male,Married,No,5,1,0.16666666666666666,0.5,0.5,1.0,Stable long-term contributors,Medium,0.41666666666666663,False
1731,51,Research & Development,Manufacturing Director,Technical Degree,3,19,11,6,4,3,5,14,3,4,2,3,7848,6,Female,Married,No,7,0,0.2727272727272727,0.5454545454545454,0.45454545454545453,0.36363636363636365,Fast-track performers,Medium,0.4181818181818182,True
1732,55,Research & Development,Laboratory Technician,Marketing,5,32,24,10,19,5,0,23,3,4,1,4,16753,22,Male,Single,Yes,4,0,0.20833333333333334,0.4166666666666667,0.0,0.7916666666666666,Fast-track performers,Medium,0.42916666666666664,True
1733,50,Research & Development,Research Scientist,Medical,1,21,2,1,2,1,3,14,3,3,1,4,3241,7,Male,Single,No,8,1,0.5,0.5,1.5,1.0,High-risk stagnation profiles,Medium,0.5,False
1734,41,Research & Development,Research Scientist,Marketing,1,21,3,0,0,0,1,24,3,4,4,3,4096,23,Male,Single,No,8,0,0.0,0.0,0.3333333333333333,0.0,Fast-track performers,Low,0.06666666666666668,False
1735,32,Human Resources,Manager,Life Sciences,3,6,1,0,0,0,1,15,3,4,4,4,7876,4,Female,Married,Yes,1,0,0.0,0.0,1.0,0.0,Fast-track performers,Low,0.0,False
1736,47,Sales,Sales Representative,Human Resources,1,11,3,2,0,1,4,23,3,3,4,3,3466,26,Male,Married,No,4,0,0.3333333333333333,0.6666666666666666,1.3333333333333333,0.0,Stable long-term contributors,Medium,0.4,True
1737,59,Research & Development,Research Scientist,Medical,1,17,14,12,2,10,5,25,3,1,2,2,3586,16,Male,Single,Yes,6,1,0.7142857142857143,0.8571428571428571,0.35714285714285715,0.14285714285714285,High-risk stagnation profiles,High,0.7071428571428571,False
1738,34,Research & Development,Manufacturing Director,Life Sciences,1,5,4,2,4,1,4,25,3,4,3,3,2545,28,Male,Married,No,1,1,0.25,0.5,1.0,1.0,Fast-track performers,Medium,0.4,False
1739,22,Research & Development,Healthcare Representative,Medical,1,2,1,1,1,1,6,21,3,1,4,2,3128,10,Male,Married,No,6,1,1.0,1.0,6.0,1.0,High-risk stagnation profiles,High,0.9,False
1740,46,Research & Development,Manufacturing Director,Technical Degree,3,18,15,2,14,2,2,19,3,4,1,2,6581,26,Female,Married,Yes,8,0,0.13333333333333333,0.13333333333333333,0.13333333333333333,0.9333333333333333,Fast-track performers,Medium,0.2866666666666667,True
1741,21,Sales,Sales Representative,Human Resources,1,2,2,0,1,0,1,14,3,3,4,3,3290,15,Male,Married,No,7,0,0.0,0.0,0.5,0.5,Stable long-term contributors,Low,0.1,False
1742,27,Research & Development,Research Director,Human Resources,2,6,2,0,1,0,3,19,3,3,2,3,5822,13,Male,Single,No,9,0,0.0,0.0,1.5,0.5,Fast-track performers,Low,0.05,False
1743,34,Research & Development,Healthcare Representative,Technical Degree,2,7,4,4,3,2,4,19,3,1,1,1,5331,8,Male,Single,No,8,0,0.5,1.0,1.0,0.75,High-risk stagnation profiles,High,0.675,False
1744,27,Sales,Sales Executive,Human Resources,2,6,3,1,2,1,0,11,3,3,4,4,5670,22,Male,Divorced,No,3,0,0.3333333333333333,0.3333333333333333,0.0,0.6666666666666666,Stable long-term contributors,Medium,0.43333333333333335,True
1745,34,Research & Development,Manufacturing Director,Technical Degree,1,6,2,2,0,1,6,15,3,4,2,2,2463,27,Male,Single,No,7,0,0.5,1.0,3.0,0.0,High-risk stagnation profiles,High,0.6000000000000001,True
1746,37,Sales,Sales Representative,Life Sciences,3,7,1,1,1,1,3,19,3,1,4,4,8092,13,Female,Married,No,8,0,1.0,1.0,3.0,1.0,Stable long-term contributors,High,0.9,False
1747,41,Research & Development,Research Scientist,Other,1,16,11,0,2,0,6,14,3,3,4,4,4006,24,Female,Married,No,9,0,0.0,0.0,0.5454545454545454,0.18181818181818182,Fast-track performers,Low,0.06363636363636364,False
1748,22,Human Resources,Manager,Medical,3,0,0,0,0,0,3,15,3,4,3,4,6388,7,Male,Divorced,No,1,0,0.0,0.0,3.0,0.0,Fast-track performers,Low,0.0,False
1749,51,Research & Development,Research Director,Technical Degree,4,9,0,0,0,0,3,14,3,3,4,4,11904,17,Male,Married,Yes,9,0,0.0,0.0,3.0,0.0,Fast-track performers,Low,0.0,False
1750,23,Research & Development,Manufacturing Director,Medical,2,2,1,1,0,1,4,23,3,3,3,2,4943,4,Male,Married,Yes,2,1,1.0,1.0,4.0,0.0,High-risk stagnation profiles,High,0.8,False
1751,19,Research & Development,Manager,Life Sciences,2,0,1,1,1,1,4,12,3,3,2,3,5427,7,Female,Single,No,0,0,1.0,1.0,4.0,1.0,High-risk stagnation profiles,High,0.9,True
1752,30,Research & Development,Manufacturing Director,Other,2,4,3,3,2,1,2,20,3,3,4,2,4440,16,Male,Divorced,No,0,0,0.3333333333333333,1.0,0.6666666666666666,0.6666666666666666,High-risk stagnation profiles,High,0.6333333333333333,True
1753,60,Sales,Sales Executive,Life Sciences,2,23,0,0,0,0,5,12,3,2,3,2,6027,25,Male,Married,Yes,9,0,0.0,0.0,5.0,0.0,Fast-track performers,Low,0.0,False
1755,28,Research & Development,Manager,Medical,4,2,1,1,1,1,0,23,3,3,4,1,8414,21,Male,Married,No,0,0,1.0,1.0,0.0,1.0,High-risk stagnation profiles,High,1.0,True
1756,40,Research & Development,Healthcare Representative,Other,1,11,5,2,1,2,1,11,3,4,3,4,3527,25,Male,Married,Yes,4,0,0.4,0.4,0.2,0.2,Fast-track performers,Medium,0.4200000000000001,True
1757,33,Research & Development,Laboratory Technician,Human Resources,2,10,4,3,0,2,3,13,3,1,4,4,5708,25,Male,Single,No,5,1,0.5,0.75,0.75,0.0,High-risk stagnation profiles,Medium,0.525,False
1758,48,Research & Development,Manager,Other,5,19,3,3,3,1,3,25,4,2,4,3,14496,22,Male,Married,No,8,0,0.3333333333333333,1.0,1.0,1.0,High-risk stagnation profiles,High,0.6333333333333333,True
1759,28,Research & Development,Research Scientist,Human Resources,5,4,4,0,2,0,4,24,3,3,3,3,13531,23,Female,Married,No,5,0,0.0,0.0,1.0,0.5,Fast-track performers,Low,0.05,False
1760,33,Sales,Sales Executive,Life Sciences,2,9,0,0,0,0,1,21,4,4,3,3,5566,25,Female,Married,No,3,0,0.0,0.0,1.0,0.0,Stable long-term contributors,Low,0.0,False
1761,25,Research & Development,Healthcare Representative,Technical Degree,2,4,0,0,0,0,3,20,4,2,3,4,3962,14,Male,Married,No,0,0,0.0,0.0,3.0,0.0,Fast-track performers,Low,0.0,False
1762,21,Research & Development,Research Scientist,Medical,1,1,1,0,0,0,3,11,3,4,3,3,3131,14,Male,Married,No,5,0,0.0,0.0,3.0,0.0,Fast-track performers,Low,0.0,False
1763,57,Research & Development,Research Scientist,Marketing,5,28,15,8,11,4,2,14,3,1,4,2,16340,26,Male,Married,No,6,0,0.26666666666666666,0.5333333333333333,0.13333333333333333,0.7333333333333333,Fast-track performers,Medium,0.48,False
1764,21,Sales,Sales Executive,Marketing,1,1,0,0,0,0,3,11,3,4,4,3,2103,8,Male,Married,No,4,0,0.0,0.0,3.0,0.0,Fast-track performers,Low,0.0,False
1765,42,Sales,Manager,Life Sciences,2,11,9,5,2,3,2,14,3,3,1,3,5365,26,Male,Married,No,5,0,0.3333333333333333,0.5555555555555556,0.2222222222222222,0.2222222222222222,Stable long-term contributors,Medium,0.45555555555555555,True
1766,20,Sales,Sales Executive,Medical,1,0,1,1,1,1,1,13,3,4,3,4,2879,6,Female,Single,No,9,0,1.0,1.0,1.0,1.0,Stable long-term contributors,High,0.9,True
1767,49,Research & Development,Research Scientist,Medical,1,15,3,3,2,2,3,19,3,3,4,2,4022,22,Male,Single,No,7,0,0.6666666666666666,1.0,1.0,0.6666666666666666,High-risk stagnation profiles,High,0.7333333333333334,True
1768,20,Research & Development,Healthcare Representative,Life Sciences,2,0,1,1,1,1,6,11,4,4,3,1,6263,7,Male,Divorced,No,0,0,1.0,1.0,6.0,1.0,High-risk stagnation profiles,High,0.9,True
1769,44,Sales,Manager,Medical,5,12,4,1,0,1,2,24,3,2,4,4,16123,7,Male,Divorced,No,7,0,0.25,0.25,0.5,0.0,Stable long-term contributors,Medium,0.25,True
1770,46,Sales,Sales Executive,Technical Degree,1,13,11,3,1,3,3,18,3,1,4,4,2636,2,Male,Single,No,1,1,0.2727272727272727,0.2727272727272727,0.2727272727272727,0.09090909090909091,Stable long-term contributors,Medium,0.3,False
1771,49,Research & Development,Laboratory Technician,Life Sciences,2,11,11,0,3,0,2,21,3,3,3,4,6771,25,Male,Married,No,1,0,0.0,0.0,0.18181818181818182,0.2727272727272727,Fast-track performers,Low,0.10909090909090909,False
1772,36,Sales,Sales Executive,Technical Degree,1,14,0,0,0,0,2,19,3,4,3,3,3745,4,Male,Divorced,No,7,0,0.0,0.0,2.0,0.0,Fast-track performers,Low,0.0,False
1773,38,Sales,Sales Executive,Medical,1,7,4,0,2,0,3,22,3,4,4,3,2744,13,Female,Single,No,1,0,0.0,0.0,0.75,0.5,Stable long-term contributors,Low,0.07500000000000001,False
1774,22,Research & Development,Manager,Life Sciences,2,0,0,0,0,0,4,17,3,3,3,3,4705,29,Male,Married,Yes,7,0,0.0,0.0,4.0,0.0,Fast-track performers,Low,0.0,False
1775,35,Sales,Sales Representative,Medical,2,7,0,0,0,0,0,11,3,3,3,1,5345,10,Female,Single,No,4,0,0.0,0.0,0.0,0.0,Stable long-term contributors,Low,0.1,False
1776,45,Research & Development,Manager,Life Sciences,1,6,6,5,3,2,6,14,3,1,4,3,3185,9,Male,Married,No,8,1,0.3333333333333333,0.8333333333333334,1.0,0.5,High-risk stagnation profiles,Medium,0.5166666666666667,False
1777,59,Research & Development,Manager,Medical,1,16,6,1,1,1,0,20,3,4,4,1,2957,15,Male,Divorced,Yes,8,1,0.16666666666666666,0.16666666666666666,0.0,0.16666666666666666,Fast-track performers,Medium,0.25,False
1778,39,Research & Development,Research Scientist,Technical Degree,1,9,8,4,6,3,5,11,3,4,2,2,2618,12,Female,Divorced,No,7,1,0.375,0.5,0.625,0.75,Fast-track performers,Medium,0.4625000000000001,False
1779,38,Sales,Sales Representative,Technical Degree,1,9,5,4,4,2,5,14,3,4,1,4,2512,27,Female,Married,Yes,8,0,0.4,0.8,1.0,0.8,Stable long-term contributors,High,0.56,True
1780,23,Sales,Sales Representative,Medical,5,1,1,1,0,1,3,25,3,3,2,2,12136,10,Female,Married,No,6,0,1.0,1.0,3.0,0.0,Stable long-term contributors,High,0.8,True
1781,18,Sales,Manager,Life Sciences,5,1,0,0,0,0,1,13,3,4,3,4,11048,19,Male,Married,No,7,0,0.0,0.0,1.0,0.0,Fast-track performers,Low,0.0,False
1782,22,Research & Development,Manager,Marketing,1,3,3,2,1,1,3,12,3,4,2,2,3111,21,Female,Single,Yes,5,0,0.3333333333333333,0.6666666666666666,1.0,0.3333333333333333,High-risk stagnation profiles,Medium,0.43333333333333335,True
1783,58,Sales,Sales Representative,Technical Degree,2,19,6,4,6,2,3,11,3,3,3,2,5018,5,Female,Single,Yes,8,1,0.3333333333333333,0.6666666666666666,0.5,1.0,Stable long-term contributors,Medium,0.55,False
1784,29,Sales,Manager,Technical Degree,4,7,5,4,3,2,5,16,3,3,1,3,12879,7,Male,Divorced,No,1,0,0.4,0.8,1.0,0.6,Stable long-term contributors,Medium,0.54,True
1785,43,Sales,Manager,Human Resources,1,11,5,0,5,0,3,22,3,3,3,3,3980,28,Female,Single,No,2,0,0.0,0.0,0.6,1.0,Fast-track performers,Low,0.14,False
1786,51,Sales,Sales Executive,Marketing,3,25,20,13,3,12,3,17,3,3,3,3,11175,20,Male,Married,No,1,1,0.6,0.65,0.15,0.15,Stable long-term contributors,High,0.6,False
1787,31,Sales,Manager,Medical,5,3,1,1,0,1,4,16,3,3,3,4,14302,11,Male,Married,Yes,5,1,1.0,1.0,4.0,0.0,High-risk stagnation profiles,High,0.8,False
1788,43,Research & Development,Research Scientist,Life Sciences,1,9,1,0,1,0,6,19,3,2,3,1,2682,16,Female,Divorced,Yes,2,0,0.0,0.0,6.0,1.0,Fast-track performers,Low,0.1,False
1789,44,Research & Development,Healthcare Representative,Human Resources,1,16,7,4,7,3,3,22,3,3,2,4,3673,13,Female,Married,No,0,0,0.42857142857142855,0.5714285714285714,0.42857142857142855,1.0,High-risk stagnation profiles,Medium,0.5571428571428572,True
1790,26,Research & Development,Healthcare Representative,Medical,5,3,2,0,0,0,5,19,3,3,4,2,10140,28,Male,Married,Yes,3,0,0.0,0.0,2.5,0.0,Fast-track performers,Low,0.0,False
1791,43,Research & Development,Research Director,Other,2,11,6,4,4,3,3,12,3,3,2,4,7224,4,Female,Married,No,4,0,0.5,0.6666666666666666,0.5,0.6666666666666666,High-risk stagnation profiles,High,0.5833333333333334,True
1792,39,Research & Development,Manufacturing Director,Technical Degree,1,4,4,0,4,0,4,25,3,2,4,3,2622,16,Female,Married,No,3,0,0.0,0.0,1.0,1.0,Fast-track performers,Low,0.1,False
1793,47,Sales,Sales Executive,Other,1,23,4,2,0,2,4,25,3,4,4,4,4035,13,Female,Married,No,5,0,0.5,0.5,1.0,0.0,Stable long-term contributors,Medium,0.4,True
1794,60,Research & Development,Manufacturing Director,Technical Degree,2,32,32,6,4,4,4,12,3,3,3,3,7170,29,Male,Divorced,No,2,0,0.125,0.1875,0.125,0.125,Fast-track performers,Medium,0.22500000000000003,True
1795,34,Research & Development,Laboratory Technician,Technical Degree,3,12,8,0,3,0,3,19,3,1,4,2,10023,1,Male,Married,No,9,0,0.0,0.0,0.375,0.375,Fast-track performers,Low,0.1,False
1796,43,Sales,Manager,Other,3,16,5,0,3,0,3,11,3,3,1,4,9250,22,Male,Married,No,5,0,0.0,0.0,0.6,0.6,Fast-track performers,Low,0.1,False
1797,53,Research & Development,Healthcare Representative,Other,5,22,19,4,10,2,3,15,3,4,3,2,14925,4,Male,Divorced,Yes,9,0,0.10526315789473684,0.21052631578947367,0.15789473684210525,0.5263157894736842,Fast-track performers,Medium,0.2631578947368421,True
1798,18,Research & Development,Research Scientist,Medical,1,0,1,0,1,0,3,11,3,4,3,2,2452,27,Female,Divorced,No,0,0,0.0,0.0,3.0,1.0,Fast-track performers,Low,0.1,False
1799,25,Research & Development,Manufacturing Director,Human Resources,2,4,0,0,0,0,3,17,4,2,1,4,5517,15,Male,Single,No,5,0,0.0,0.0,3.0,0.0,Fast-track performers,Low,0.0,False
1800,52,Research & Development,Research Scientist,Human Resources,2,13,4,1,1,1,4,19,3,4,3,2,4829,26,Female,Single,No,7,0,0.25,0.25,1.0,0.25,Fast-track performers,Medium,0.225,True
1801,32,Research & Development,Research Scientist,Other,2,10,4,1,0,1,3,16,4,1,3,2,6886,26,Female,Divorced,No,9,1,0.25,0.25,0.75,0.0,Fast-track performers,Medium,0.225,False
1802,39,Research & Development,Laboratory Technician,Medical,1,11,7,2,5,1,1,24,3,4,4,3,3233,21,Male,Married,No,7,1,0.14285714285714285,0.2857142857142857,0.14285714285714285,0.7142857142857143,Fast-track performers,Medium,0.3285714285714286,False
1803,31,Research & Development,Laboratory Technician,Human Resources,5,3,2,0,2,0,4,12,3,2,4,4,9536,27,Male,Married,Yes,0,0,0.0,0.0,2.0,1.0,Fast-track performers,Low,0.1,False
1804,43,Sales,Sales Executive,Medical,4,15,12,5,5,2,5,16,3,1,1,2,13011,25,Male,Single,No,6,0,0.16666666666666666,0.4166666666666667,0.4166666666666667,0.4166666666666667,Stable long-term contributors,Medium,0.33333333333333337,False
1805,45,Research & Development,Research Scientist,Medical,2,13,12,4,6,4,3,19,3,3,2,3,6036,16,Male,Married,No,9,0,0.3333333333333333,0.3333333333333333,0.25,0.5,Fast-track performers,Medium,0.39166666666666666,True
1806,40,Sales,Sales Executive,Technical Degree,2,19,7,4,4,3,2,13,3,3,3,3,7579,4,Male,Married,No,9,0,0.42857142857142855,0.5714285714285714,0.2857142857142857,0.5714285714285714,Stable long-term contributors,Medium,0.5285714285714286,True
1807,31,Research & Development,Healthcare Representative,Human Resources,1,4,2,2,2,2,5,19,3,3,3,4,3224,17,Male,Married,No,3,0,1.0,1.0,2.5,1.0,High-risk stagnation profiles,High,0.9,True
1808,41,Research & Development,Research Scientist,Human Resources,2,15,11,11,7,10,5,18,3,4,4,4,6708,11,Male,Single,No,5,0,0.9090909090909091,1.0,0.45454545454545453,0.6363636363636364,High-risk stagnation profiles,High,0.8818181818181818,True
1809,19,Sales,Sales Executive,Technical Degree,3,1,1,0,0,0,2,25,3,4,3,3,5713,25,Male,Single,No,5,0,0.0,0.0,2.0,0.0,Fast-track performers,Low,0.0,False
1810,43,Research & Development,Manager,Other,2,21,17,15,10,8,1,23,3,3,1,3,5984,5,Male,Divorced,No,4,0,0.47058823529411764,0.8823529411764706,0.058823529411764705,0.5882352941176471,High-risk stagnation profiles,High,0.6941176470588236,True
1811,31,Research & Development,Research Director,Technical Degree,5,2,0,0,0,0,3,22,3,3,4,3,15292,26,Male,Divorced,No,9,0,0.0,0.0,3.0,0.0,Fast-track performers,Low,0.0,False
1812,24,Research & Development,Manufacturing Director,Human Resources,2,5,2,1,2,1,4,17,4,1,4,2,6400,13,Female,Divorced,No,8,0,0.5,0.5,2.0,1.0,High-risk stagnation profiles,Medium,0.5,False
1813,20,Research & Development,Laboratory Technician,Human Resources,2,3,1,0,1,0,2,18,3,1,3,3,5091,12,Male,Married,No,9,0,0.0,0.0,2.0,1.0,Fast-track performers,Low,0.1,False
1814,40,Research & Development,Manufacturing Director,Other,3,8,5,4,2,2,3,20,3,3,3,4,7624,29,Female,Married,Yes,7,0,0.4,0.8,0.6,0.4,High-risk stagnation profiles,High,0.5600000000000002,True
1815,60,Research & Development,Research Director,Technical Degree,1,32,1,1,0,0,3,16,3,1,2,3,4075,27,Female,Divorced,Yes,5,0,0.0,1.0,3.0,0.0,Fast-track performers,Medium,0.4,False
1816,35,Research & Development,Laboratory Technician,Life Sciences,2,10,6,3,3,1,5,13,3,4,2,1,7211,23,Female,Divorced,No,3,0,0.16666666666666666,0.5,0.8333333333333334,0.5,Fast-track performers,Medium,0.3333333333333333,True
1817,55,Research & Development,Manufacturing Director,Life Sciences,1,15,8,1,8,1,3,17,3,3,2,3,2818,3,Female,Divorced,Yes,3,0,0.125,0.125,0.375,1.0,Fast-track performers,Medium,0.2625,True
1818,52,Sales,Sales Representative,Other,2,11,11,2,4,1,3,14,3,2,3,3,5096,4,Male,Single,No,8,0,0.09090909090909091,0.18181818181818182,0.2727272727272727,0.36363636363636365,Stable long-term contributors,Medium,0.2181818181818182,True
1819,32,Sales,Sales Representative,Technical Degree,3,1,1,0,0,0,6,21,3,3,4,3,8256,28,Male,Married,No,3,1,0.0,0.0,6.0,0.0,Fast-track performers,Low,0.0,False
1820,42,Human Resources,Human Resources,Technical Degree,2,15,10,10,5,6,2,20,3,2,3,3,5609,10,Male,Married,No,6,0,0.6,1.0,0.2,0.5,High-risk stagnation profiles,High,0.77,True
1821,54,Research & Development,Manufacturing Director,Medical,3,13,0,0,0,0,2,24,3,3,2,3,9980,9,Male,Married,No,5,0,0.0,0.0,2.0,0.0,Fast-track performers,Low,0.0,False
1822,45,Sales,Sales Representative,Human Resources,2,14,7,2,6,2,4,15,3,4,2,2,4340,10,Male,Married,No,1,0,0.2857142857142857,0.2857142857142857,0.5714285714285714,0.8571428571428571,Stable long-term contributors,Medium,0.3571428571428571,True
1823,27,Research & Development,Manager,Marketing,1,7,1,0,0,0,2,18,4,3,3,4,2094,13,Male,Married,Yes,4,0,0.0,0.0,2.0,0.0,Fast-track performers,Low,0.0,False
1824,56,Research & Development,Laboratory Technician,Other,3,25,16,9,2,7,4,25,3,1,3,3,9426,1,Male,Married,No,2,0,0.4375,0.5625,0.25,0.125,High-risk stagnation profiles,Medium,0.48750000000000004,False
1825,34,Research & Development,Laboratory Technician,Marketing,1,4,1,1,1,1,1,17,3,4,3,2,2772,12,Female,Divorced,No,8,1,1.0,1.0,1.0,1.0,High-risk stagnation profiles,High,0.9,False
1826,56,Sales,Sales Representative,Marketing,1,16,5,5,3,5,1,17,3,2,3,2,2811,11,Female,Single,No,9,0,1.0,1.0,0.2,0.6,Stable long-term contributors,High,0.9400000000000002,True
1827,39,Research & Development,Manufacturing Director,Other,2,17,4,0,1,0,5,18,4,4,3,4,6337,21,Male,Married,No,0,0,0.0,0.0,1.25,0.25,Fast-track performers,Low,0.025,False
1828,43,Research & Development,Healthcare Representative,Technical Degree,1,21,15,3,4,2,3,20,3,3,2,4,3530,8,Male,Single,Yes,9,0,0.13333333333333333,0.2,0.2,0.26666666666666666,Fast-track performers,Medium,0.24000000000000005,True
1829,42,Research & Development,Manufacturing Director,Other,1,17,7,2,5,1,4,13,3,3,1,3,3841,26,Female,Divorced,No,3,0,0.14285714285714285,0.2857142857142857,0.5714285714285714,0.7142857142857143,Fast-track performers,Medium,0.28571428571428575,True
1830,34,Sales,Manager,Marketing,2,6,2,0,0,0,2,13,4,4,1,1,3993,23,Female,Single,No,3,0,0.0,0.0,1.0,0.0,Fast-track performers,Low,0.0,False
1831,30,Sales,Sales Executive,Human Resources,2,7,7,1,7,1,2,12,3,4,2,1,6645,14,Male,Divorced,Yes,8,0,0.14285714285714285,0.14285714285714285,0.2857142857142857,1.0,Stable long-term contributors,Medium,0.2857142857142857,True
1832,37,Sales,Sales Representative,Human Resources,2,12,12,5,2,3,4,25,3,1,1,2,5986,14,Female,Married,No,0,0,0.25,0.4166666666666667,0.3333333333333333,0.16666666666666666,Stable long-term contributors,Medium,0.35000000000000003,False
1833,42,Research & Development,Manufacturing Director,Human Resources,5,10,9,8,5,5,3,11,3,2,2,3,10649,20,Male,Single,No,1,0,0.5555555555555556,0.8888888888888888,0.3333333333333333,0.5555555555555556,High-risk stagnation profiles,High,0.7000000000000001,True
1834,21,Research & Development,Laboratory Technician,Technical Degree,2,3,2,0,2,0,3,20,3,4,4,3,3979,23,Male,Married,No,0,0,0.0,0.0,1.5,1.0,Fast-track performers,Low,0.1,False
1835,27,Research & Development,Manager,Life Sciences,4,3,3,3,3,2,0,16,3,1,4,3,10452,17,Male,Divorced,No,0,0,0.6666666666666666,1.0,0.0,1.0,High-risk stagnation profiles,High,0.8666666666666667,False
1836,20,Research & Development,Research Scientist,Other,1,0,0,0,0,0,3,16,3,3,3,3,2129,22,Female,Single,No,0,0,0.0,0.0,3.0,0.0,Fast-track performers,Low,0.0,False
1837,58,Research & Development,Manufacturing Director,Human Resources,2,29,15,4,5,3,4,23,3,4,4,1,6654,25,Male,Married,No,2,0,0.2,0.26666666666666666,0.26666666666666666,0.3333333333333333,Fast-track performers,Medium,0.2933333333333334,True
1838,35,Sales,Sales Representative,Other,4,12,6,2,5,2,4,20,3,3,2,2,9394,19,Male,Married,No,3,0,0.3333333333333333,0.3333333333333333,0.6666666666666666,0.8333333333333334,Stable long-term contributors,Medium,0.3833333333333333,True
1839,53,Human Resources,Manager,Human Resources,2,13,12,0,1,0,4,22,3,4,4,3,6162,20,Female,Single,No,9,0,0.0,0.0,0.3333333333333333,0.08333333333333333,Fast-track performers,Low,0.07500000000000001,False
1840,39,Sales,Manager,Technical Degree,3,11,11,4,6,2,4,18,3,4,3,2,8564,24,Male,Divorced,Yes,1,0,0.18181818181818182,0.36363636363636365,0.36363636363636365,0.5454545454545454,Stable long-term contributors,Medium,0.3363636363636364,True
1841,51,Sales,Sales Representative,Life Sciences,2,15,13,9,7,7,3,24,3,4,3,1,4931,28,Female,Married,No,0,0,0.5384615384615384,0.6923076923076923,0.23076923076923078,0.5384615384615384,Stable long-term contributors,High,0.6230769230769231,True
1842,25,Human Resources,Manager,Life Sciences,1,2,1,0,0,0,3,16,4,4,3,3,2679,21,Male,Married,Yes,4,0,0.0,0.0,3.0,0.0,Fast-track performers,Low,0.0,False
1843,57,Research & Development,Research Scientist,Human Resources,2,14,10,9,8,4,4,16,3,3,1,4,6808,21,Male,Single,No,5,0,0.4,0.9,0.4,0.8,High-risk stagnation profiles,High,0.6600000000000001,True
1844,36,Research & Development,Research Scientist,Technical Degree,2,8,1,1,1,1,2,11,3,3,4,3,4421,17,Female,Single,Yes,1,1,1.0,1.0,2.0,1.0,High-risk stagnation profiles,High,0.9,False
1845,59,Human Resources,Human Resources,Medical,4,34,15,5,7,4,2,22,3,3,1,4,14196,6,Male,Single,No,2,0,0.26666666666666666,0.3333333333333333,0.13333333333333333,0.4666666666666667,Fast-track performers,Medium,0.37333333333333335,True
1846,58,Research & Development,Manager,Other,1,23,19,6,6,5,5,17,3,4,2,3,4529,14,Female,Married,No,9,0,0.2631578947368421,0.3157894736842105,0.2631578947368421,0.3157894736842105,Fast-track performers,Medium,0.3368421052631579,True
1847,54,Sales,Manager,Other,5,13,12,11,12,5,0,17,3,4,2,3,16280,18,Female,Married,No,2,0,0.4166666666666667,0.9166666666666666,0.0,1.0,Stable long-term contributors,High,0.7333333333333334,True
1848,23,Research & Development,Research Scientist,Marketing,5,3,1,1,1,1,1,20,3,2,1,2,10290,17,Female,Single,No,1,1,1.0,1.0,1.0,1.0,High-risk stagnation profiles,High,0.9,False
1849,43,Research & Development,Research Scientist,Technical Degree,1,11,8,4,6,3,3,19,3,2,2,4,3819,6,Male,Divorced,No,3,1,0.375,0.5,0.375,0.75,Fast-track performers,Medium,0.48750000000000004,False
1850,51,Sales,Sales Executive,Marketing,1,22,8,0,1,0,4,24,3,4,1,2,3720,5,Male,Married,No,4,0,0.0,0.0,0.5,0.125,Stable long-term contributors,Low,0.0625,False
1851,23,Sales,Sales Representative,Human Resources,4,4,4,1,0,1,3,25,3,3,2,2,10658,13,Male,Single,No,7,1,0.25,0.25,0.75,0.0,Stable long-term contributors,Medium,0.225,False
1852,54,Sales,Sales Executive,Marketing,5,14,12,4,3,4,3,22,3,2,4,2,13430,16,Male,Single,No,5,0,0.3333333333333333,0.3333333333333333,0.25,0.25,Stable long-term contributors,Medium,0.3666666666666667,True
1853,50,Research & Development,Research Scientist,Life Sciences,2,13,3,1,3,1,6,17,3,4,2,4,4716,21,Female,Single,No,8,0,0.3333333333333333,0.3333333333333333,2.0,1.0,Fast-track performers,Medium,0.3666666666666667,True
1854,39,Sales,Sales Representative,Other,1,18,8,6,1,3,4,18,3,4,1,4,4223,9,Male,Single,No,2,0,0.375,0.75,0.5,0.125,Stable long-term contributors,Medium,0.5125000000000001,True
1855,38,Research & Development,Manufacturing Director,Marketing,2,10,2,2,1,1,4,14,3,4,3,3,6137,12,Female,Married,No,9,0,0.5,1.0,2.0,0.5,High-risk stagnation profiles,High,0.6500000000000001,True
1856,23,Research & Development,Research Director,Life Sciences,3,3,3,1,3,1,0,19,3,4,4,3,5951,10,Female,Divorced,Yes,8,0,0.3333333333333333,0.3333333333333333,0.0,1.0,Fast-track performers,Medium,0.4666666666666667,True
1857,23,Research & Development,Laboratory Technician,Technical Degree,1,1,0,0,0,0,2,25,3,2,2,3,1880,26,Female,Divorced,No,3,0,0.0,0.0,2.0,0.0,Fast-track performers,Low,0.0,False
1858,21,Research & Development,Research Director,Marketing,3,0,1,0,0,0,3,24,3,4,2,4,5613,13,Female,Divorced,Yes,7,0,0.0,0.0,3.0,0.0,Fast-track performers,Low,0.0,False
1859,47,Research & Development,Laboratory Technician,Human Resources,1,16,5,3,2,3,2,11,4,3,4,3,3779,19,Female,Married,No,9,0,0.6,0.6,0.4,0.4,High-risk stagnation profiles,High,0.5800000000000001,True
1860,28,Sales,Manager,Human Resources,1,8,2,2,1,2,1,18,3,4,2,4,3242,16,Female,Single,No,6,0,1.0,1.0,0.5,0.5,High-risk stagnation profiles,High,0.9000000000000001,True
1861,47,Sales,Manager,Human Resources,2,27,25,11,0,6,2,13,3,2,3,2,6860,17,Female,Divorced,No,6,0,0.24,0.44,0.08,0.0,Stable long-term contributors,Medium,0.36400000000000005,True
1862,48,Research & Development,Healthcare Representative,Other,2,17,15,15,13,7,3,24,3,1,2,2,5979,16,Female,Married,Yes,8,1,0.4666666666666667,1.0,0.2,0.8666666666666667,High-risk stagnation profiles,High,0.7533333333333334,False
1863,41,Research & Development,Manager,Marketing,1,11,3,1,0,1,4,11,3,3,4,4,3365,14,Female,Single,Yes,9,1,0.3333333333333333,0.3333333333333333,1.3333333333333333,0.0,Fast-track performers,Medium,0.26666666666666666,False
1864,26,Sales,Sales Representative,Technical Degree,2,0,1,0,0,0,4,12,3,2,4,2,5046,16,Female,Married,No,1,0,0.0,0.0,4.0,0.0,Fast-track performers,Low,0.0,False
1865,20,Sales,Sales Representative,Marketing,1,0,1,1,1,0,0,25,3,4,4,4,1827,24,Male,Married,No,4,0,0.0,1.0,0.0,1.0,Stable long-term contributors,High,0.6,True
1866,48,Sales,Manager,Other,1,20,16,4,5,4,3,16,4,4,2,3,3057,15,Male,Married,Yes,2,0,0.25,0.25,0.1875,0.3125,Stable long-term contributors,Medium,0.3125,True
1867,57,Research & Development,Research Director,Life Sciences,1,33,15,10,11,4,1,15,4,4,3,4,3708,12,Male,Divorced,No,6,0,0.26666666666666666,0.6666666666666666,0.06666666666666667,0.7333333333333333,Fast-track performers,Medium,0.54,True
1868,54,Research & Development,Healthcare Representative,Other,5,30,5,1,4,1,3,24,3,4,2,2,16706,5,Male,Single,No,2,0,0.2,0.2,0.6,0.8,Fast-track performers,Medium,0.28,True
1869,53,Research & Development,Laboratory Technician,Human Resources,2,17,7,0,1,0,3,13,3,3,4,3,6758,11,Male,Single,Yes,4,0,0.0,0.0,0.42857142857142855,0.14285714285714285,Fast-track performers,Low,0.07142857142857142,False
1870,41,Research & Development,Laboratory Technician,Life Sciences,2,10,2,2,0,1,3,19,3,4,4,3,7049,5,Female,Married,No,4,0,0.5,1.0,1.5,0.0,High-risk stagnation profiles,High,0.6000000000000001,True
1871,48,Research & Development,Manager,Human Resources,2,27,24,2,0,1,5,18,3,4,3,3,6302,24,Female,Single,No,1,0,0.041666666666666664,0.08333333333333333,0.20833333333333334,0.0,Fast-track performers,Low,0.12916666666666665,False
1872,23,Sales,Manager,Medical,5,1,1,1,1,1,4,23,3,4,4,3,15227,24,Male,Married,No,0,0,1.0,1.0,4.0,1.0,High-risk stagnation profiles,High,0.9,True
1873,19,Research & Development,Laboratory Technician,Other,1,1,1,0,1,0,3,13,3,3,2,4,2733,11,Female,Married,No,5,0,0.0,0.0,3.0,1.0,Fast-track performers,Low,0.1,False
1874,37,Research & Development,Research Scientist,Other,3,6,5,5,5,3,5,12,3,3,3,3,7807,2,Female,Single,No,0,1,0.6,1.0,1.0,1.0,High-risk stagnation profiles,High,0.74,False
1875,45,Research & Development,Research Director,Technical Degree,3,13,5,2,2,1,4,18,3,4,3,2,6932,19,Female,Married,No,8,0,0.2,0.4,0.8,0.4,Fast-track performers,Medium,0.30000000000000004,True
1876,28,Research & Development,Healthcare Representative,Marketing,2,5,3,3,1,2,4,24,3,2,3,4,5952,26,Female,Married,Yes,9,0,0.6666666666666666,1.0,1.3333333333333333,0.3333333333333333,High-risk stagnation profiles,High,0.7000000000000001,True
1877,21,Research & Development,Manager,Life Sciences,1,0,0,0,0,0,3,25,4,4,3,2,3066,26,Male,Married,No,4,0,0.0,0.0,3.0,0.0,Fast-track performers,Low,0.0,False
1878,32,Research & Development,Research Director,Life Sciences,3,3,3,2,3,2,3,15,4,4,1,3,6535,17,Male,Married,No,0,0,0.6666666666666666,0.6666666666666666,1.0,1.0,High-risk stagnation profiles,High,0.6333333333333333,True
1879,23,Research & Development,Manufacturing Director,Technical Degree,1,2,2,2,1,2,4,25,3,3,4,2,2180,19,Male,Single,No,7,1,1.0,1.0,2.0,0.5,High-risk stagnation profiles,High,0.8500000000000001,False
1880,47,Sales,Sales Representative,Technical Degree,2,10,1,0,0,0,0,19,3,4,4,4,6226,12,Male,Married,No,0,0,0.0,0.0,0.0,0.0,Stable long-term contributors,Low,0.1,False
1881,55,Human Resources,Manager,Marketing,3,9,4,4,1,4,4,11,4,4,4,2,9966,20,Male,Married,Yes,3,1,1.0,1.0,1.0,0.25,High-risk stagnation profiles,High,0.8250000000000001,False
1882,19,Research & Development,Healthcare Representative,Human Resources,1,1,0,0,0,0,5,20,3,4,4,2,2926,27,Female,Married,No,6,0,0.0,0.0,5.0,0.0,Fast-track performers,Low,0.0,False
1883,32,Research & Development,Healthcare Representative,Marketing,4,9,7,7,3,5,4,13,3,3,3,4,9483,23,Female,Single,No,3,0,0.7142857142857143,1.0,0.5714285714285714,0.42857142857142855,High-risk stagnation profiles,High,0.7714285714285714,True
1884,28,Sales,Manager,Other,1,8,0,0,0,0,0,15,3,4,2,4,2716,25,Male,Married,No,4,0,0.0,0.0,0.0,0.0,Fast-track performers,Low,0.1,False
1885,25,Research & Development,Research Scientist,Human Resources,4,5,4,3,0,2,3,12,4,3,4,2,9651,28,Male,Divorced,Yes,6,1,0.5,0.75,0.75,0.0,High-risk stagnation profiles,Medium,0.525,False
1886,43,Research & Development,Manufacturing Director,Medical,2,15,8,1,1,1,4,13,3,1,3,3,7253,5,Male,Single,No,3,0,0.125,0.125,0.5,0.125,Fast-track performers,Low,0.16250000000000003,False
1887,22,Sales,Sales Representative,Marketing,1,0,1,1,0,1,6,14,3,4,4,4,2880,12,Male,Married,No,4,0,1.0,1.0,6.0,0.0,Stable long-term contributors,High,0.8,True
1888,23,Research & Development,Manager,Technical Degree,1,0,0,0,0,0,3,14,4,4,4,1,2625,16,Female,Divorced,No,6,0,0.0,0.0,3.0,0.0,Fast-track performers,Low,0.0,False
1889,43,Research & Development,Laboratory Technician,Human Resources,5,11,2,1,0,1,4,21,3,4,4,4,11504,1,Male,Married,No,0,0,0.5,0.5,2.0,0.0,High-risk stagnation profiles,Medium,0.4,True
1890,21,Research & Development,Research Scientist,Marketing,1,2,1,0,1,0,5,19,4,1,1,3,3218,2,Female,Single,Yes,2,0,0.0,0.0,5.0,1.0,Fast-track performers,Low,0.1,False
1891,36,Research & Development,Research Scientist,Life Sciences,1,11,0,0,0,0,1,11,3,1,2,3,3210,10,Female,Single,No,0,0,0.0,0.0,1.0,0.0,Fast-track performers,Low,0.0,False
1892,37,Research & Development,Manager,Medical,1,7,0,0,0,0,4,22,3,4,4,3,3725,2,Female,Single,No,2,0,0.0,0.0,4.0,0.0,Fast-track performers,Low,0.0,False
1893,50,Sales,Sales Representative,Other,2,28,15,3,2,1,3,19,3,1,4,3,6466,25,Female,Single,Yes,1,0,0.06666666666666667,0.2,0.2,0.13333333333333333,Stable long-term contributors,Medium,0.20000000000000004,False
1894,37,Research & Development,Research Director,Life Sciences,2,12,3,3,1,2,3,25,3,4,4,1,6555,10,Male,Married,Yes,4,0,0.6666666666666666,1.0,1.0,0.3333333333333333,High-risk stagnation profiles,High,0.7000000000000001,True
1895,29,Research & Development,Research Director,Life Sciences,1,2,0,0,0,0,3,19,3,4,3,3,3023,23,Male,Single,No,9,0,0.0,0.0,3.0,0.0,Fast-track performers,Low,0.0,False
1896,18,Sales,Sales Executive,Medical,1,0,0,0,0,0,4,21,3,4,3,1,2272,18,Female,Married,No,4,0,0.0,0.0,4.0,0.0,Fast-track performers,Low,0.0,False
1897,43,Research & Development,Research Scientist,Other,1,8,6,1,4,1,4,16,3,1,4,3,3485,1,Female,Single,No,9,0,0.16666666666666666,0.16666666666666666,0.6666666666666666,0.6666666666666666,Fast-track performers,Medium,0.23333333333333334,False
1898,31,Research & Development,Laboratory Technician,Technical Degree,1,1,1,0,0,0,3,21,3,4,4,2,1886,5,Male,Single,No,8,1,0.0,0.0,3.0,0.0,Fast-track performers,Low,0.0,False
1899,55,Sales,Sales Executive,Human Resources,2,18,17,15,15,7,5,11,3,4,3,4,6988,12,Male,Single,No,7,0,0.4117647058823529,0.8823529411764706,0.29411764705882354,0.8823529411764706,Stable long-term contributors,High,0.6764705882352942,True
1900,54,Research & Development,Laboratory Technician,Other,3,19,14,9,1,8,4,21,3,3,2,2,10604,17,Male,Single,No,2,0,0.5714285714285714,0.6428571428571429,0.2857142857142857,0.07142857142857142,High-risk stagnation profiles,High,0.5642857142857143,True
1901,28,Sales,Manager,Marketing,1,3,1,1,0,1,4,23,3,3,4,3,2437,25,Male,Single,No,0,1,1.0,1.0,4.0,0.0,High-risk stagnation profiles,High,0.8,False
1902,53,Sales,Manager,Life Sciences,2,17,12,8,3,7,3,22,3,3,3,3,6329,19,Female,Married,No,4,0,0.5833333333333334,0.6666666666666666,0.25,0.25,Stable long-term contributors,High,0.6,True
1903,30,Research & Development,Research Director,Marketing,2,6,6,3,4,2,0,16,3,1,4,3,5654,18,Male,Married,No,2,0,0.3333333333333333,0.5,0.0,0.6666666666666666,Fast-track performers,Medium,0.5,False
1904,60,Research & Development,Healthcare Representative,Technical Degree,5,28,15,8,1,7,3,18,3,4,2,3,16814,13,Female,Single,No,4,0,0.4666666666666667,0.5333333333333333,0.2,0.06666666666666667,High-risk stagnation profiles,Medium,0.4866666666666667,True
1905,20,Human Resources,Human Resources,Marketing,5,0,0,0,0,0,5,15,3,4,2,3,15063,22,Male,Married,No,8,0,0.0,0.0,5.0,0.0,Fast-track performers,Low,0.0,False
1906,50,Research & Development,Manufacturing Director,Other,3,14,13,10,12,4,2,15,3,4,4,1,8520,3,Female,Single,No,0,0,0.3076923076923077,0.7692307692307693,0.15384615384615385,0.9230769230769231,High-risk stagnation profiles,High,0.6076923076923078,True
1907,23,Sales,Sales Executive,Marketing,1,0,0,0,0,0,6,11,3,3,1,2,2942,21,Male,Single,Yes,0,0,0.0,0.0,6.0,0.0,Fast-track performers,Low,0.0,False
1908,27,Research & Development,Research Scientist,Technical Degree,1,6,3,0,2,0,4,11,3,4,3,3,2705,10,Male,Divorced,Yes,8,0,0.0,0.0,1.3333333333333333,0.6666666666666666,Fast-track performers,Low,0.06666666666666667,False
1909,22,Research & Development,Healthcare Representative,Technical Degree,1,4,4,0,0,0,4,18,3,2,3,4,2390,14,Female,Divorced,Yes,2,0,0.0,0.0,1.0,0.0,Fast-track performers,Low,0.0,False
1910,40,Research & Development,Healthcare Representative,Technical Degree,1,13,7,5,1,4,4,23,3,4,4,1,3432,8,Male,Divorced,No,9,0,0.5714285714285714,0.7142857142857143,0.5714285714285714,0.14285714285714285,High-risk stagnation profiles,High,0.5714285714285714,True
1911,27,Sales,Manager,Other,2,3,3,0,2,0,3,15,3,3,2,1,5722,10,Male,Single,Yes,4,0,0.0,0.0,1.0,0.6666666666666666,Fast-track performers,Low,0.06666666666666667,False
1912,19,Human Resources,Manager,Technical Degree,3,0,1,0,0,0,4,18,3,4,2,2,6186,2,Female,Divorced,No,8,0,0.0,0.0,4.0,0.0,Fast-track performers,Low,0.0,False
1913,30,Research & Development,Laboratory Technician,Life Sciences,4,7,4,4,0,3,3,20,3,4,4,3,11600,28,Female,Married,No,4,1,0.75,1.0,0.75,0.0,High-risk stagnation profiles,High,0.7250000000000001,False
1914,57,Research & Development,Research Scientist,Technical Degree,4,24,23,14,14,8,4,12,3,4,3,3,11313,13,Male,Married,Yes,2,0,0.34782608695652173,0.6086956521739131,0.17391304347826086,0.6086956521739131,Fast-track performers,Medium,0.5260869565217392,True
1915,19,Sales,Sales Executive,Marketing,2,0,1,0,1,0,4,25,3,4,1,4,5828,5,Male,Divorced,No,8,0,0.0,0.0,4.0,1.0,Fast-track performers,Low,0.1,False
1916,37,Research & Development,Research Director,Human Resources,3,13,7,4,3,3,4,14,4,4,2,1,6275,11,Male,Divorced,Yes,6,1,0.42857142857142855,0.5714285714285714,0.5714285714285714,0.42857142857142855,High-risk stagnation profiles,Medium,0.48571428571428577,False
1917,18,Research & Development,Laboratory Technician,Marketing,1,4,4,4,4,4,4,23,3,1,4,2,2997,24,Female,Married,No,6,1,1.0,1.0,1.0,1.0,High-risk stagnation profiles,High,0.9,False
1918,54,Sales,Sales Executive,Human Resources,1,24,3,1,3,1,1,21,3,4,2,2,4272,1,Male,Divorced,Yes,7,0,0.3333333333333333,0.3333333333333333,0.3333333333333333,1.0,Stable long-term contributors,Medium,0.43333333333333335,True
1919,26,Research & Development,Research Director,Marketing,3,6,5,5,2,5,1,24,3,3,3,3,9775,26,Male,Married,No,4,1,1.0,1.0,0.2,0.4,High-risk stagnation profiles,High,0.9200000000000002,False
1920,34,Human Resources,Human Resources,Other,1,10,1,1,1,0,4,20,4,3,3,3,3292,10,Male,Married,No,1,0,0.0,1.0,4.0,1.0,High-risk stagnation profiles,Medium,0.5,True
1921,26,Research & Development,Manager,Marketing,2,3,3,1,0,1,2,19,3,1,4,2,6048,27,Male,Single,No,8,0,0.3333333333333333,0.3333333333333333,0.6666666666666666,0.0,Fast-track performers,Medium,0.3,False
1922,28,Research & Development,Research Director,Other,1,2,1,0,1,0,3,23,3,4,4,4,3192,29,Male,Divorced,No,2,0,0.0,0.0,3.0,1.0,Fast-track performers,Low,0.1,False
1923,32,Research & Development,Healthcare Representative,Other,3,5,1,0,0,0,3,13,3,2,3,2,8590,28,Male,Married,No,1,0,0.0,0.0,3.0,0.0,Fast-track performers,Low,0.0,False
1924,41,Sales,Sales Representative,Technical Degree,3,15,8,6,5,3,0,16,3,3,1,3,7398,13,Male,Divorced,Yes,9,0,0.375,0.75,0.0,0.625,Stable long-term contributors,High,0.6125,True
1925,55,Research & Development,Laboratory Technician,Life Sciences,1,9,9,5,2,2,0,21,3,4,4,3,3573,28,Male,Married,No,9,0,0.2222222222222222,0.5555555555555556,0.0,0.2222222222222222,Fast-track performers,Medium,0.4333333333333333,True
1926,52,Research & Development,Research Scientist,Human Resources,3,23,18,14,3,10,4,17,3,4,3,2,9702,4,Female,Married,Yes,4,0,0.5555555555555556,0.7777777777777778,0.2222222222222222,0.16666666666666666,High-risk stagnation profiles,High,0.6277777777777779,True
1927,47,Research & Development,Laboratory Technician,Technical Degree,1,16,14,3,3,2,3,13,3,4,4,4,3734,21,Female,Married,No,7,0,0.14285714285714285,0.21428571428571427,0.21428571428571427,0.21428571428571427,Fast-track performers,Medium,0.24285714285714285,True
1928,48,Sales,Sales Representative,Technical Degree,2,20,19,7,16,6,3,11,3,3,3,4,6877,10,Male,Married,Yes,2,0,0.3157894736842105,0.3684210526315789,0.15789473684210525,0.8421052631578947,Stable long-term contributors,Medium,0.44210526315789467,True
1929,22,Research & Development,Research Scientist,Other,3,0,1,1,0,1,5,12,3,3,4,3,9044,12,Female,Married,Yes,5,0,1.0,1.0,5.0,0.0,High-risk stagnation profiles,High,0.8,True
1930,31,Research & Development,Research Scientist,Other,3,10,7,7,2,5,2,21,3,2,1,3,9918,14,Female,Single,No,8,0,0.7142857142857143,1.0,0.2857142857142857,0.2857142857142857,High-risk stagnation profiles,High,0.7857142857142857,True
1931,28,Sales,Sales Executive,Human Resources,5,1,1,0,0,0,2,24,3,3,4,2,15740,27,Male,Married,Yes,1,1,0.0,0.0,2.0,0.0,Fast-track performers,Low,0.0,False
1932,26,Research & Development,Research Director,Marketing,1,6,2,1,1,1,4,20,4,1,2,3,2560,3,Male,Married,No,7,0,0.5,0.5,2.0,0.5,High-risk stagnation profiles,Medium,0.45,False
1933,51,Research & Development,Research Scientist,Marketing,3,18,9,0,0,0,4,17,3,4,3,2,8782,28,Female,Married,No,9,0,0.0,0.0,0.4444444444444444,0.0,Fast-track performers,Low,0.05555555555555556,False
1934,29,Sales,Sales Representative,Technical Degree,2,8,6,2,4,1,3,17,3,3,1,4,4440,2,Male,Single,No,6,0,0.16666666666666666,0.3333333333333333,0.5,0.6666666666666666,Stable long-term contributors,Medium,0.31666666666666665,True
1935,52,Research & Development,Manufacturing Director,Medical,4,28,4,4,0,2,6,22,3,1,1,2,10111,28,Male,Single,No,2,1,0.5,1.0,1.5,0.0,High-risk stagnation profiles,High,0.6000000000000001,False
1936,52,Sales,Sales Executive,Medical,1,20,8,5,0,3,5,11,4,3,2,1,4493,19,Male,Single,No,0,0,0.375,0.625,0.625,0.0,Stable long-term contributors,Medium,0.4375,True
1937,18,Research & Development,Manufacturing Director,Marketing,3,0,1,1,0,1,0,20,3,3,2,2,6916,11,Male,Divorced,No,5,1,1.0,1.0,0.0,0.0,High-risk stagnation profiles,High,0.9,False
1938,57,Sales,Manager,Medical,2,30,18,15,16,7,2,17,3,3,4,2,7768,21,Female,Divorced,Yes,1,0,0.3888888888888889,0.8333333333333334,0.1111111111111111,0.8888888888888888,Stable long-term contributors,High,0.6666666666666667,True
1939,39,Research & Development,Manager,Marketing,1,11,1,0,1,0,4,25,3,1,3,3,3342,7,Female,Married,Yes,2,0,0.0,0.0,4.0,1.0,Fast-track performers,Low,0.1,False
1940,46,Research & Development,Research Scientist,Other,2,14,0,0,0,0,3,20,3,4,4,2,7041,18,Female,Single,No,4,0,0.0,0.0,3.0,0.0,Fast-track performers,Low,0.0,False
1941,25,Human Resources,Manager,Technical Degree,1,2,2,2,1,2,1,21,3,2,1,3,2196,29,Female,Divorced,No,7,1,1.0,1.0,0.5,0.5,High-risk stagnation profiles,High,0.9000000000000001,False
1942,28,Sales,Sales Executive,Life Sciences,2,6,5,1,1,1,4,16,3,1,3,2,4947,14,Male,Married,No,1,0,0.2,0.2,0.8,0.2,Stable long-term contributors,Medium,0.2,False
1943,58,Research & Development,Laboratory Technician,Technical Degree,4,21,9,1,5,1,3,21,3,1,3,3,10627,7,Female,Married,No,5,0,0.1111111111111111,0.1111111111111111,0.3333333333333333,0.5555555555555556,Fast-track performers,Medium,0.2111111111111111,False
1944,54,Research & Development,Research Scientist,Marketing,2,24,1,1,0,1,3,16,3,3,4,3,6000,22,Female,Married,No,0,1,1.0,1.0,3.0,0.0,High-risk stagnation profiles,High,0.8,False
1945,31,Sales,Manager,Marketing,2,5,5,5,2,3,2,17,3,1,4,4,6737,7,Female,Single,Yes,6,1,0.6,1.0,0.4,0.4,High-risk stagnation profiles,High,0.74,False
1946,47,Research & Development,Manufacturing Director,Technical Degree,2,16,12,1,0,1,4,17,3,1,3,4,7102,23,Male,Married,No,3,0,0.08333333333333333,0.08333333333333333,0.3333333333333333,0.0,Fast-track performers,Low,0.13333333333333336,False
1947,52,Sales,Sales Representative,Human Resources,1,23,17,8,2,5,3,11,3,3,4,4,3615,9,Male,Married,No,0,0,0.29411764705882354,0.47058823529411764,0.17647058823529413,0.11764705882352941,Stable long-term contributors,Medium,0.4,True
1948,38,Sales,Sales Executive,Marketing,1,6,6,5,1,3,2,20,3,3,2,3,3378,23,Female,Divorced,No,8,0,0.5,0.8333333333333334,0.3333333333333333,0.16666666666666666,Stable long-term contributors,High,0.6166666666666668,True
1949,54,Research & Development,Manager,Medical,2,18,1,0,1,0,3,15,3,1,3,3,5531,12,Female,Married,Yes,8,0,0.0,0.0,3.0,1.0,Fast-track performers,Low,0.1,False
1950,22,Research & Development,Research Scientist,Medical,1,3,0,0,0,0,3,25,3,2,1,3,3112,29,Male,Married,No,2,0,0.0,0.0,3.0,0.0,Fast-track performers,Low,0.0,False
1951,36,Sales,Sales Executive,Marketing,1,7,5,2,0,2,5,24,3,3,2,4,2514,6,Male,Married,No,5,1,0.4,0.4,1.0,0.0,Stable long-term contributors,Medium,0.32000000000000006,False
1952,31,Research & Development,Research Director,Marketing,2,6,4,4,4,3,5,24,3,2,2,1,6095,26,Female,Married,No,6,0,0.75,1.0,1.25,1.0,High-risk stagnation profiles,High,0.8,True
1953,43,Research & Development,Research Director,Human Resources,1,22,17,10,1,7,2,18,3,3,4,3,3547,24,Male,Single,No,3,1,0.4117647058823529,0.5882352941176471,0.11764705882352941,0.058823529411764705,High-risk stagnation profiles,Medium,0.49411764705882355,False
1954,21,Sales,Sales Representative,Medical,1,1,0,0,0,0,4,18,3,1,3,2,2011,7,Male,Married,No,5,0,0.0,0.0,4.0,0.0,Fast-track performers,Low,0.0,False
1955,42,Research & Development,Healthcare Representative,Marketing,2,6,1,0,1,0,4,13,3,1,4,3,4664,22,Female,Single,No,8,0,0.0,0.0,4.0,1.0,Fast-track performers,Low,0.1,False
1956,59,Sales,Manager,Marketing,1,16,10,0,9,0,4,13,3,3,3,3,3773,4,Female,Single,No,9,1,0.0,0.0,0.4,0.9,Fast-track performers,Low,0.15000000000000002,False
1957,42,Research & Development,Research Director,Human Resources,5,15,10,5,8,4,3,17,3,2,1,3,14961,16,Male,Single,No,5,0,0.4,0.5,0.3,0.8,Fast-track performers,Medium,0.51,True
1958,35,Research & Development,Research Scientist,Human Resources,4,14,1,1,1,1,0,25,4,1,4,3,8808,7,Female,Single,No,6,1,1.0,1.0,0.0,1.0,High-risk stagnation profiles,High,1.0,False
1959,57,Research & Development,Research Director,Technical Degree,3,32,14,3,3,2,4,14,4,3,4,4,10136,28,Female,Single,No,5,0,0.14285714285714285,0.21428571428571427,0.2857142857142857,0.21428571428571427,Fast-track performers,Medium,0.23571428571428574,True
1960,25,Research & Development,Laboratory Technician,Human Resources,1,2,2,2,0,2,1,16,3,4,4,3,2920,8,Male,Divorced,No,6,0,1.0,1.0,0.5,0.0,High-risk stagnation profiles,High,0.8500000000000001,True
1961,56,Research & Development,Research Director,Life Sciences,3,19,8,2,8,1,1,19,3,4,3,4,9126,8,Male,Single,Yes,0,0,0.125,0.25,0.125,1.0,Fast-track performers,Medium,0.3375,True
1962,57,Research & Development,Manager,Medical,3,20,4,1,1,0,3,20,3,4,4,2,10031,28,Male,Married,No,5,1,0.0,0.25,0.75,0.25,Fast-track performers,Low,0.15,False
1963,31,Sales,Sales Representative,Technical Degree,3,7,6,0,3,0,6,12,3,4,4,3,6668,28,Male,Married,No,8,0,0.0,0.0,1.0,0.5,Stable long-term contributors,Low,0.05,False
1964,49,Research & Development,Manager,Life Sciences,1,14,3,3,0,2,2,12,3,4,2,3,3509,20,Male,Single,No,2,1,0.6666666666666666,1.0,0.6666666666666666,0.0,High-risk stagnation profiles,High,0.7000000000000001,False
1965,55,Research & Development,Manager,Marketing,2,13,1,0,0,0,3,16,3,4,2,2,6791,26,Male,Divorced,No,5,0,0.0,0.0,3.0,0.0,Fast-track performers,Low,0.0,False
1966,50,Research & Development,Manager,Marketing,4,27,2,0,2,0,3,13,4,3,1,3,12940,25,Male,Married,No,3,1,0.0,0.0,1.5,1.0,Fast-track performers,Low,0.1,False
1967,40,Research & Development,Research Scientist,Technical Degree,2,5,1,1,1,1,5,11,4,3,2,3,5757,3,Male,Divorced,No,6,1,1.0,1.0,5.0,1.0,High-risk stagnation profiles,High,0.9,False
1968,32,Research & Development,Manager,Human Resources,2,5,4,3,3,2,3,12,3,2,3,3,5970,9,Male,Married,Yes,6,0,0.5,0.75,0.75,0.75,High-risk stagnation profiles,High,0.6000000000000001,True
1969,50,Research & Development,Research Scientist,Marketing,2,9,5,0,1,0,2,24,3,4,4,3,5169,19,Male,Married,Yes,8,0,0.0,0.0,0.4,0.2,Fast-track performers,Low,0.08,False
1970,42,Research & Development,Manager,Other,2,20,18,17,4,10,2,23,3,4,3,3,6812,13,Male,Divorced,Yes,3,0,0.5555555555555556,0.9444444444444444,0.1111111111111111,0.2222222222222222,High-risk stagnation profiles,High,0.7111111111111111,True
1971,34,Research & Development,Manufacturing Director,Technical Degree,1,11,3,2,3,1,3,17,3,3,4,2,3700,7,Female,Married,Yes,7,0,0.3333333333333333,0.6666666666666666,1.0,1.0,High-risk stagnation profiles,Medium,0.5,True
1972,50,Research & Development,Laboratory Technician,Life Sciences,2,20,19,17,4,13,1,14,3,4,4,3,4508,20,Male,Married,No,7,1,0.6842105263157895,0.8947368421052632,0.05263157894736842,0.21052631578947367,High-risk stagnation profiles,High,0.7473684210526316,False
1973,19,Sales,Manager,Technical Degree,1,0,0,0,0,0,1,22,3,3,2,2,3018,21,Male,Married,No,7,1,0.0,0.0,1.0,0.0,Fast-track performers,Low,0.0,False
1974,31,Research & Development,Manager,Medical,2,9,5,4,3,3,4,12,3,3,1,2,4940,29,Male,Divorced,Yes,7,1,0.6,0.8,0.8,0.6,High-risk stagnation profiles,High,0.6400000000000001,False
1975,57,Research & Development,Laboratory Technician,Human Resources,1,24,6,5,1,5,3,21,4,3,3,1,3419,15,Female,Single,No,5,0,0.8333333333333334,0.8333333333333334,0.5,0.16666666666666666,High-risk stagnation profiles,High,0.7333333333333335,True
1976,57,Research & Development,Laboratory Technician,Human Resources,2,10,0,0,0,0,4,22,3,3,4,1,6678,19,Male,Married,No,7,1,0.0,0.0,4.0,0.0,Fast-track performers,Low,0.0,False
1977,56,Research & Development,Healthcare Representative,Technical Degree,1,13,2,1,0,1,1,22,3,3,4,2,4046,2,Female,Single,No,5,0,0.5,0.5,0.5,0.0,High-risk stagnation profiles,Medium,0.45,True
1978,23,Sales,Manager,Marketing,3,1,1,1,0,1,3,18,3,4,3,1,9197,12,Female,Divorced,No,9,1,1.0,1.0,3.0,0.0,High-risk stagnation profiles,High,0.8,False
1979,23,Research & Development,Healthcare Representative,Marketing,3,1,1,1,0,1,3,14,3,4,4,2,9399,8,Male,Married,Yes,1,1,1.0,1.0,3.0,0.0,High-risk stagnation profiles,High,0.8,False
1980,20,Research & Development,Laboratory Technician,Other,1,2,2,2,0,1,1,14,4,4,3,3,2583,23,Male,Divorced,No,2,0,0.5,1.0,0.5,0.0,High-risk stagnation profiles,High,0.6500000000000001,True
1981,24,Research & Development,Research Scientist,Other,1,0,1,0,0,0,3,12,3,2,4,1,2719,23,Female,Divorced,Yes,5,0,0.0,0.0,3.0,0.0,Fast-track performers,Low,0.0,False
1982,25,Research & Development,Laboratory Technician,Human Resources,1,1,0,0,0,0,1,24,3,4,3,3,2396,8,Male,Married,No,6,0,0.0,0.0,1.0,0.0,Fast-track performers,Low,0.0,False
1983,59,Research & Development,Healthcare Representative,Other,4,12,6,6,2,4,4,11,3,2,1,4,9871,13,Male,Married,No,3,1,0.6666666666666666,1.0,0.6666666666666666,0.3333333333333333,High-risk stagnation profiles,High,0.7333333333333334,False
1984,32,Research & Development,Manufacturing Director,Life Sciences,2,6,0,0,0,0,3,11,3,2,1,3,5166,1,Male,Married,No,0,0,0.0,0.0,3.0,0.0,Fast-track performers,Low,0.0,False
1985,46,Sales,Sales Representative,Other,2,14,2,1,2,1,3,13,4,4,1,2,6852,28,Female,Married,No,3,0,0.5,0.5,1.5,1.0,Stable long-term contributors,Medium,0.5,True
1986,50,Research & Development,Manager,Life Sciences,1,17,16,9,10,4,1,16,3,2,3,4,3708,24,Male,Married,Yes,5,1,0.25,0.5625,0.0625,0.625,Fast-track performers,Medium,0.48125,False
1987,47,Research & Development,Manufacturing Director,Other,2,18,9,4,4,2,2,17,3,1,4,2,6965,10,Male,Single,No,7,1,0.2222222222222222,0.4444444444444444,0.2222222222222222,0.4444444444444444,Fast-track performers,Medium,0.3888888888888889,False
1988,56,Research & Development,Manager,Human Resources,4,13,12,4,11,2,3,23,3,3,2,1,12241,28,Male,Married,No,3,0,0.16666666666666666,0.3333333333333333,0.25,0.9166666666666666,Fast-track performers,Medium,0.3666666666666667,True
1989,44,Research & Development,Manager,Human Resources,4,10,5,2,2,1,3,19,3,4,3,4,8192,21,Male,Divorced,No,9,0,0.2,0.4,0.6,0.4,Fast-track performers,Medium,0.32000000000000006,True
1990,53,Research & Development,Healthcare Representative,Life Sciences,2,19,16,12,16,6,2,15,3,2,2,4,6232,24,Female,Single,No,0,1,0.375,0.75,0.125,1.0,High-risk stagnation profiles,High,0.6375000000000001,False
1991,46,Sales,Manager,Technical Degree,1,19,16,11,6,5,0,19,3,3,4,3,3369,9,Male,Married,No,4,0,0.3125,0.6875,0.0,0.375,Stable long-term contributors,Medium,0.5375,True
1992,55,Sales,Sales Executive,Human Resources,1,16,13,2,5,2,3,18,3,4,4,3,3849,29,Female,Single,No,6,0,0.15384615384615385,0.15384615384615385,0.23076923076923078,0.38461538461538464,Stable long-term contributors,Medium,0.23846153846153847,True
1993,50,Research & Development,Research Scientist,Technical Degree,1,11,7,5,1,4,3,11,4,4,4,3,3912,2,Male,Married,Yes,5,0,0.5714285714285714,0.7142857142857143,0.42857142857142855,0.14285714285714285,High-risk stagnation profiles,High,0.5857142857142857,True
1994,54,Sales,Manager,Marketing,1,16,4,3,1,2,2,21,3,4,3,2,3348,19,Female,Single,Yes,2,1,0.5,0.75,0.5,0.25,Stable long-term contributors,High,0.5750000000000001,False
1995,44,Human Resources,Human Resources,Life Sciences,1,17,7,4,4,3,3,22,3,3,2,2,3843,22,Male,Married,No,6,0,0.42857142857142855,0.5714285714285714,0.42857142857142855,0.5714285714285714,High-risk stagnation profiles,Medium,0.5142857142857143,True
1996,50,Sales,Sales Representative,Human Resources,1,17,6,2,3,2,3,13,4,2,4,3,3836,25,Female,Single,No,3,0,0.3333333333333333,0.3333333333333333,0.5,0.5,Stable long-term contributors,Medium,0.36666666666666664,True
1997,21,Research & Development,Research Scientist,Medical,2,0,0,0,0,0,3,18,3,2,2,4,5148,14,Female,Married,Yes,4,0,0.0,0.0,3.0,0.0,Fast-track performers,Low,0.0,False
1998,39,Sales,Manager,Marketing,5,18,3,1,3,1,3,19,3,3,2,1,15591,10,Female,Married,No,6,0,0.3333333333333333,0.3333333333333333,1.0,1.0,Stable long-term contributors,Medium,0.3666666666666667,True
1999,19,Research & Development,Manufacturing Director,Technical Degree,2,0,1,0,1,0,3,24,3,4,2,3,3707,10,Male,Divorced,No,1,0,0.0,0.0,3.0,1.0,Fast-track performers,Low,0.1,False
2000,27,Human Resources,Manager,Human Resources,4,3,0,0,0,0,0,14,3,1,4,1,7480,8,Female,Married,No,3,0,0.0,0.0,0.0,0.0,Fast-track performers,Low,0.1,False
2001,22,Research & Development,Laboratory Technician,Life Sciences,3,0,1,0,1,0,2,24,3,2,4,3,5750,14,Male,Divorced,No,3,0,0.0,0.0,2.0,1.0,Fast-track performers,Low,0.1,False
2002,27,Research & Development,Research Scientist,Other,1,2,1,1,0,1,3,24,3,4,4,3,2588,13,Female,Divorced,Yes,5,1,1.0,1.0,3.0,0.0,High-risk stagnation profiles,High,0.8,False
2003,50,Sales,Sales Executive,Medical,3,27,26,5,0,5,3,24,3,4,3,3,8045,6,Male,Single,No,6,0,0.19230769230769232,0.19230769230769232,0.11538461538461539,0.0,Stable long-term contributors,Medium,0.24230769230769234,True
2004,55,Research & Development,Laboratory Technician,Technical Degree,1,23,18,15,1,14,3,22,3,4,1,1,4508,21,Female,Single,No,3,1,0.7777777777777778,0.8333333333333334,0.16666666666666666,0.05555555555555555,High-risk stagnation profiles,High,0.7333333333333334,False
2005,30,Human Resources,Manager,Marketing,2,5,5,3,1,3,4,16,3,4,4,3,5568,13,Male,Single,No,9,1,0.6,0.6,0.8,0.2,High-risk stagnation profiles,Medium,0.52,False
2006,48,Human Resources,Human Resources,Life Sciences,1,21,8,7,3,3,5,14,3,4,3,3,4126,3,Male,Married,No,0,1,0.375,0.875,0.625,0.375,High-risk stagnation profiles,High,0.575,False
2007,53,Sales,Sales Executive,Medical,5,15,5,2,2,2,2,23,3,4,3,1,11833,28,Male,Married,No,0,0,0.4,0.4,0.4,0.4,Stable long-term contributors,Medium,0.42000000000000004,True
2008,41,Research & Development,Manager,Life Sciences,1,12,0,0,0,0,4,25,3,3,3,2,2962,20,Male,Divorced,No,4,0,0.0,0.0,4.0,0.0,Fast-track performers,Low,0.0,False
2009,32,Sales,Sales Executive,Human Resources,1,7,2,2,0,2,3,19,3,4,2,3,2618,29,Male,Married,No,0,1,1.0,1.0,1.5,0.0,Stable long-term contributors,High,0.8,False
2010,46,Research & Development,Laboratory Technician,Other,5,13,11,2,11,2,2,12,3,3,1,3,14744,13,Male,Divorced,No,2,0,0.18181818181818182,0.18181818181818182,0.18181818181818182,1.0,Fast-track performers,Medium,0.32727272727272727,True
2011,25,Research & Development,Research Director,Marketing,1,5,3,3,1,1,6,16,3,2,3,2,2773,23,Male,Single,No,8,0,0.3333333333333333,1.0,2.0,0.3333333333333333,High-risk stagnation profiles,High,0.5666666666666667,True
2012,22,Sales,Manager,Life Sciences,3,0,1,1,1,1,4,21,3,2,2,3,7574,23,Female,Single,No,2,0,1.0,1.0,4.0,1.0,High-risk stagnation profiles,High,0.9,True
2013,46,Research & Development,Research Director,Technical Degree,3,16,10,0,10,0,6,23,4,4,2,4,8655,19,Male,Divorced,No,2,0,0.0,0.0,0.6,1.0,Fast-track performers,Low,0.14,False
2014,21,Research & Development,Research Scientist,Human Resources,4,0,1,1,0,1,2,13,3,4,4,1,11505,16,Female,Single,Yes,8,0,1.0,1.0,2.0,0.0,High-risk stagnation profiles,High,0.8,True
2015,29,Human Resources,Human Resources,Human Resources,5,8,3,0,0,0,1,20,3,2,3,3,10156,4,Female,Divorced,No,4,0,0.0,0.0,0.3333333333333333,0.0,Fast-track performers,Low,0.06666666666666668,False
2016,19,Research & Development,Research Director,Marketing,5,0,0,0,0,0,3,14,3,1,3,1,14438,3,Female,Single,Yes,7,0,0.0,0.0,3.0,0.0,Fast-track performers,Low,0.0,False
2017,44,Research & Development,Research Director,Human Resources,1,11,7,5,0,2,3,12,3,4,4,1,3113,15,Male,Divorced,No,9,0,0.2857142857142857,0.7142857142857143,0.42857142857142855,0.0,High-risk stagnation profiles,Medium,0.4571428571428572,True
2018,48,Sales,Manager,Technical Degree,4,18,13,9,8,6,2,21,3,4,4,2,12520,15,Male,Married,Yes,8,0,0.46153846153846156,0.6923076923076923,0.15384615384615385,0.6153846153846154,Stable long-term contributors,High,0.6076923076923078,True
2019,53,Research & Development,Laboratory Technician,Life Sciences,2,12,10,1,6,1,5,18,4,2,1,3,5323,18,Female,Married,No,5,0,0.1,0.1,0.5,0.6,Fast-track performers,Medium,0.19,True
2020,53,Sales,Sales Executive,Marketing,2,30,1,1,1,0,3,20,4,3,4,4,6041,22,Female,Divorced,Yes,6,0,0.0,1.0,3.0,1.0,Stable long-term contributors,Medium,0.5,True
2021,43,Human Resources,Human Resources,Human Resources,1,14,10,2,1,1,3,18,3,4,3,2,3169,7,Female,Married,No,6,0,0.1,0.2,0.3,0.1,Fast-track performers,Medium,0.2,True
2022,60,Sales,Sales Executive,Human Resources,3,33,30,21,20,20,3,11,3,2,1,3,10935,20,Female,Single,No,6,0,0.6666666666666666,0.7,0.1,0.6666666666666666,Stable long-term contributors,High,0.7033333333333333,True
2023,44,Sales,Sales Executive,Technical Degree,5,7,2,0,0,0,3,20,3,4,2,3,13018,5,Female,Single,Yes,3,0,0.0,0.0,1.5,0.0,Stable long-term contributors,Low,0.0,False
2024,22,Research & Development,Laboratory Technician,Other,4,0,1,0,0,0,0,16,3,1,3,2,12778,8,Male,Single,No,1,1,0.0,0.0,0.0,0.0,Fast-track performers,Low,0.1,False
2025,37,Research & Development,Research Scientist,Other,2,9,5,0,3,0,6,11,3,1,4,3,5624,25,Female,Married,No,1,0,0.0,0.0,1.2,0.6,Fast-track performers,Low,0.06,False
2026,28,Sales,Manager,Human Resources,1,7,7,1,3,1,3,16,4,2,2,3,2644,23,Female,Divorced,No,6,0,0.14285714285714285,0.14285714285714285,0.42857142857142855,0.42857142857142855,Fast-track performers,Medium,0.2142857142857143,True
2027,27,Sales,Manager,Life Sciences,2,6,5,1,1,1,1,17,4,2,3,4,5287,10,Male,Single,Yes,9,0,0.2,0.2,0.2,0.2,Stable long-term contributors,Medium,0.26000000000000006,True
2028,57,Research & Development,Laboratory Technician,Marketing,4,32,20,18,2,8,5,25,4,1,4,4,9865,1,Male,Divorced,Yes,6,0,0.4,0.9,0.25,0.1,High-risk stagnation profiles,High,0.605,False
2029,55,Research & Development,Research Scientist,Human Resources,3,20,13,6,3,6,6,12,3,1,3,2,10137,11,Female,Divorced,Yes,9,0,0.46153846153846156,0.46153846153846156,0.46153846153846156,0.23076923076923078,High-risk stagnation profiles,Medium,0.44615384615384623,False
2030,23,Research & Development,Research Director,Medical,2,5,5,0,1,0,4,19,3,4,4,3,6177,3,Male,Married,Yes,6,0,0.0,0.0,0.8,0.2,Fast-track performers,Low,0.04,False
2031,25,Research & Development,Research Scientist,Marketing,1,0,1,0,1,0,5,18,3,2,4,2,2816,27,Female,Divorced,Yes,7,1,0.0,0.0,5.0,1.0,Fast-track performers,Low,0.1,False
2032,40,Sales,Sales Executive,Other,2,15,9,7,1,3,3,19,3,4,3,3,6285,21,Male,Married,No,2,0,0.3333333333333333,0.7777777777777778,0.3333333333333333,0.1111111111111111,Stable long-term contributors,Medium,0.5222222222222221,True
2033,43,Research & Development,Manager,Human Resources,2,8,7,6,4,6,5,25,3,3,4,4,5931,3,Female,Married,No,4,0,0.8571428571428571,0.8571428571428571,0.7142857142857143,0.5714285714285714,High-risk stagnation profiles,High,0.7714285714285715,True
2034,60,Sales,Sales Executive,Technical Degree,5,34,7,0,6,0,0,20,3,4,1,1,17488,15,Female,Married,No,5,0,0.0,0.0,0.0,0.8571428571428571,Stable long-term contributors,Low,0.18571428571428572,False
2035,29,Sales,Manager,Medical,2,11,11,9,4,7,4,23,3,2,1,3,5081,17,Female,Married,No,7,0,0.6363636363636364,0.8181818181818182,0.36363636363636365,0.36363636363636365,Stable long-term contributors,High,0.6818181818181819,True
2036,43,Research & Development,Research Scientist,Human Resources,1,20,7,6,4,5,4,14,3,2,3,3,3754,18,Male,Single,No,7,0,0.7142857142857143,0.8571428571428571,0.5714285714285714,0.5714285714285714,High-risk stagnation profiles,High,0.7285714285714285,True
2037,30,Research & Development,Manufacturing Director,Life Sciences,2,6,6,3,2,3,0,14,3,3,3,3,5657,8,Male,Single,No,9,0,0.5,0.5,0.0,0.3333333333333333,High-risk stagnation profiles,Medium,0.5333333333333333,True
2038,57,Research & Development,Research Director,Medical,1,23,1,1,0,1,3,22,3,3,3,2,4177,23,Male,Married,No,2,1,1.0,1.0,3.0,0.0,High-risk stagnation profiles,High,0.8,False
2039,35,Research & Development,Manufacturing Director,Human Resources,5,11,10,3,10,2,3,18,3,4,3,4,15331,13,Male,Single,Yes,3,0,0.2,0.3,0.3,1.0,Fast-track performers,Medium,0.37,True
2040,42,Sales,Manager,Life Sciences,2,11,8,5,0,3,4,11,3,4,1,3,6978,10,Female,Divorced,No,5,0,0.375,0.625,0.5,0.0,Stable long-term contributors,Medium,0.45,True
2041,50,Sales,Sales Executive,Medical,2,19,12,3,5,3,1,18,3,4,2,2,6719,3,Male,Married,No,3,0,0.25,0.25,0.08333333333333333,0.4166666666666667,Stable long-term contributors,Medium,0.33333333333333337,True
2042,57,Sales,Sales Executive,Life Sciences,2,11,6,4,2,4,4,17,3,3,4,1,4703,20,Female,Married,No,9,1,0.6666666666666666,0.6666666666666666,0.6666666666666666,0.3333333333333333,Stable long-term contributors,High,0.6,False
2043,60,Research & Development,Manufacturing Director,Life Sciences,3,26,11,8,1,6,1,22,3,4,4,3,9656,14,Male,Single,Yes,3,0,0.5454545454545454,0.7272727272727273,0.09090909090909091,0.09090909090909091,High-risk stagnation profiles,High,0.6090909090909091,True
2044,29,Research & Development,Laboratory Technician,Medical,3,3,2,2,2,2,3,17,3,3,4,1,8526,13,Male,Married,Yes,4,1,1.0,1.0,1.5,1.0,High-risk stagnation profiles,High,0.9,False
2045,53,Sales,Sales Executive,Medical,3,16,16,7,3,6,5,19,3,4,4,2,9321,3,Female,Single,No,9,0,0.375,0.4375,0.3125,0.1875,Stable long-term contributors,Medium,0.41250000000000003,True
2046,21,Research & Development,Manager,Life Sciences,1,0,0,0,0,0,3,25,3,4,3,3,1801,13,Male,Single,No,6,0,0.0,0.0,3.0,0.0,Fast-track performers,Low,0.0,False
2047,22,Research & Development,Healthcare Representative,Other,1,2,1,0,0,0,3,23,4,1,2,3,2685,20,Female,Divorced,No,1,0,0.0,0.0,3.0,0.0,Fast-track performers,Low,0.0,False
2048,54,Research & Development,Research Scientist,Medical,1,26,12,4,1,3,0,20,4,2,3,3,3313,24,Male,Single,No,1,0,0.25,0.3333333333333333,0.0,0.08333333333333333,Fast-track performers,Medium,0.34166666666666673,True
2049,25,Sales,Sales Executive,Human Resources,3,4,0,0,0,0,4,17,3,3,4,3,9255,25,Female,Married,Yes,9,0,0.0,0.0,4.0,0.0,Fast-track performers,Low,0.0,False
2050,59,Research & Development,Research Director,Marketing,1,20,18,10,12,6,6,25,3,4,3,3,3565,23,Male,Single,No,8,0,0.3333333333333333,0.5555555555555556,0.3333333333333333,0.6666666666666666,Fast-track performers,Medium,0.48888888888888893,True
2051,45,Sales,Sales Executive,Technical Degree,2,9,4,2,2,2,5,12,3,3,1,4,5967,9,Male,Divorced,No,3,0,0.5,0.5,1.25,0.5,Stable long-term contributors,Medium,0.45,True
2052,48,Human Resources,Manager,Life Sciences,4,18,0,0,0,0,4,11,3,4,4,2,10056,25,Male,Married,No,4,0,0.0,0.0,4.0,0.0,Fast-track performers,Low,0.0,False
2053,26,Research & Development,Research Scientist,Life Sciences,4,6,3,0,3,0,1,11,3,2,4,3,9497,16,Female,Married,Yes,2,0,0.0,0.0,0.3333333333333333,1.0,Fast-track performers,Low,0.16666666666666669,False
2054,46,Research & Development,Manufacturing Director,Technical Degree,2,14,13,13,2,7,2,17,4,2,2,4,7116,23,Male,Divorced,Yes,1,0,0.5384615384615384,1.0,0.15384615384615385,0.15384615384615385,High-risk stagnation profiles,High,0.7153846153846155,True
2055,31,Research & Development,Healthcare Representative,Other,2,6,4,3,0,2,2,15,3,1,3,3,4593,23,Male,Married,No,9,1,0.5,0.75,0.5,0.0,High-risk stagnation profiles,Medium,0.55,False
2056,57,Sales,Manager,Technical Degree,1,15,7,7,0,6,3,14,4,3,4,3,2872,8,Female,Single,No,7,0,0.8571428571428571,1.0,0.42857142857142855,0.0,High-risk stagnation profiles,High,0.8,True
2057,58,Research & Development,Manager,Medical,3,27,5,0,5,0,2,15,3,4,1,2,7809,12,Male,Married,No,3,1,0.0,0.0,0.4,1.0,Fast-track performers,Low,0.16,False
2058,39,Research & Development,Research Scientist,Technical Degree,4,8,0,0,0,0,2,20,3,2,3,3,10651,26,Female,Single,No,0,0,0.0,0.0,2.0,0.0,Fast-track performers,Low,0.0,False
2059,28,Research & Development,Manager,Life Sciences,1,8,0,0,0,0,3,20,3,3,3,3,3225,28,Male,Married,No,5,0,0.0,0.0,3.0,0.0,Fast-track performers,Low,0.0,False
2060,40,Sales,Sales Executive,Technical Degree,2,12,2,2,2,1,3,16,3,1,3,3,5553,12,Male,Married,Yes,5,0,0.5,1.0,1.5,1.0,Stable long-term contributors,High,0.7000000000000001,False
2061,18,Research & Development,Manufacturing Director,Marketing,4,1,1,1,1,1,4,22,3,1,4,4,11119,19,Male,Divorced,Yes,1,0,1.0,1.0,4.0,1.0,High-risk stagnation profiles,High,0.9,False
2062,54,Sales,Manager,Human Resources,4,24,7,1,0,1,5,25,3,4,3,1,8790,24,Male,Single,No,1,0,0.14285714285714285,0.14285714285714285,0.7142857142857143,0.0,Fast-track performers,Low,0.14285714285714285,False
2063,38,Sales,Sales Representative,Medical,1,12,10,2,7,2,3,20,3,3,1,1,3849,17,Male,Single,No,7,0,0.2,0.2,0.3,0.7,Stable long-term contributors,Medium,0.30000000000000004,True
2064,43,Research & Development,Research Scientist,Technical Degree,2,10,10,1,0,0,4,16,3,4,1,1,6597,29,Male,Divorced,No,6,1,0.0,0.1,0.4,0.0,Fast-track performers,Low,0.1,False
2065,53,Sales,Sales Executive,Life Sciences,1,13,13,9,4,7,4,11,3,4,1,3,3730,15,Female,Divorced,Yes,1,0,0.5384615384615384,0.6923076923076923,0.3076923076923077,0.3076923076923077,Stable long-term contributors,High,0.5923076923076923,True
2066,40,Research & Development,Manufacturing Director,Human Resources,1,7,7,6,5,3,3,12,3,4,3,2,3604,22,Male,Divorced,No,9,0,0.42857142857142855,0.8571428571428571,0.42857142857142855,0.7142857142857143,High-risk stagnation profiles,High,0.6428571428571428,True
2067,18,Sales,Manager,Medical,4,0,0,0,0,0,0,13,3,2,4,3,9195,18,Male,Married,No,0,0,0.0,0.0,0.0,0.0,Fast-track performers,Low,0.1,False
2068,57,Sales,Sales Executive,Life Sciences,4,25,2,1,2,1,1,14,3,3,2,2,11370,7,Male,Single,No,7,0,0.5,0.5,0.5,1.0,Stable long-term contributors,Medium,0.55,True
2069,32,Sales,Sales Representative,Other,3,4,3,3,1,2,2,16,3,4,3,3,8855,13,Male,Divorced,No,9,0,0.6666666666666666,1.0,0.6666666666666666,0.3333333333333333,Stable long-term contributors,High,0.7333333333333334,True
2070,38,Research & Development,Manager,Marketing,1,10,2,1,2,1,4,22,4,4,4,2,2664,19,Male,Single,No,1,0,0.5,0.5,2.0,1.0,High-risk stagnation profiles,Medium,0.5,True
2071,26,Research & Development,Research Scientist,Other,4,4,3,2,3,2,5,22,3,4,2,4,9119,16,Female,Single,No,4,0,0.6666666666666666,0.6666666666666666,1.6666666666666667,1.0,High-risk stagnation profiles,High,0.6333333333333333,True
2072,26,Research & Development,Laboratory Technician,Marketing,2,5,0,0,0,0,6,21,3,2,3,3,4291,11,Female,Single,No,5,1,0.0,0.0,6.0,0.0,Fast-track performers,Low,0.0,False
2073,27,Research & Development,Manufacturing Director,Technical Degree,1,1,1,1,0,1,0,23,3,2,4,4,2514,26,Male,Married,No,9,0,1.0,1.0,0.0,0.0,High-risk stagnation profiles,High,0.9,True
2074,43,Research & Development,Laboratory Technician,Medical,2,14,12,1,0,1,6,19,4,3,3,3,5880,5,Male,Single,No,0,0,0.08333333333333333,0.08333333333333333,0.5,0.0,Fast-track performers,Low,0.11666666666666667,False
2075,58,Research & Development,Manager,Technical Degree,1,31,19,17,3,12,3,22,3,4,2,2,4056,26,Male,Married,Yes,1,0,0.631578947368421,0.8947368421052632,0.15789473684210525,0.15789473684210525,High-risk stagnation profiles,High,0.7105263157894738,True
2076,52,Research & Development,Manager,Marketing,3,10,2,2,0,1,4,12,3,2,3,2,6395,2,Male,Single,No,9,1,0.5,1.0,2.0,0.0,High-risk stagnation profiles,High,0.6000000000000001,False
2077,42,Research & Development,Healthcare Representative,Marketing,2,9,4,3,3,3,2,18,3,1,4,4,6108,1,Male,Single,No,3,0,0.75,0.75,0.5,0.75,High-risk stagnation profiles,High,0.7250000000000001,False
2078,43,Sales,Manager,Marketing,1,24,22,15,20,9,1,19,3,4,3,3,3056,16,Male,Married,No,1,0,0.4090909090909091,0.6818181818181818,0.045454545454545456,0.9090909090909091,Stable long-term contributors,High,0.6227272727272728,True
2079,28,Research & Development,Research Scientist,Human Resources,1,5,4,4,0,2,3,12,3,2,3,1,3415,5,Female,Married,Yes,5,1,0.5,1.0,0.75,0.0,High-risk stagnation profiles,High,0.6250000000000001,False
2080,55,Research & Development,Healthcare Representative,Life Sciences,1,15,3,3,0,3,5,19,3,2,3,3,3129,25,Male,Divorced,No,3,1,1.0,1.0,1.6666666666666667,0.0,High-risk stagnation profiles,High,0.8,False
2081,19,Research & Development,Healthcare Representative,Medical,1,0,1,0,0,0,2,17,3,1,1,3,2729,25,Female,Divorced,Yes,2,0,0.0,0.0,2.0,0.0,Fast-track performers,Low,0.0,False
2082,24,Research & Development,Healthcare Representative,Technical Degree,2,0,1,1,0,1,2,19,3,2,3,2,4817,7,Male,Single,Yes,5,1,1.0,1.0,2.0,0.0,High-risk stagnation profiles,High,0.8,False
2083,35,Human Resources,Human Resources,Technical Degree,4,7,1,0,0,0,5,16,4,3,2,2,7920,9,Female,Divorced,No,8,0,0.0,0.0,5.0,0.0,Fast-track performers,Low,0.0,False
2084,44,Research & Development,Research Scientist,Other,1,25,25,22,15,17,5,12,4,3,1,4,4259,4,Male,Married,No,7,0,0.68,0.88,0.2,0.6,High-risk stagnation profiles,High,0.7640000000000002,True
2085,51,Sales,Sales Executive,Marketing,1,18,12,9,1,4,0,18,3,1,3,1,3806,19,Female,Married,No,1,0,0.3333333333333333,0.75,0.0,0.08333333333333333,Stable long-term contributors,Medium,0.5416666666666666,False
2086,44,Human Resources,Manager,Marketing,2,18,15,0,5,0,4,20,3,1,1,2,7250,27,Female,Married,No,2,0,0.0,0.0,0.26666666666666666,0.3333333333333333,Fast-track performers,Low,0.10666666666666669,False
2087,34,Sales,Sales Representative,Marketing,3,10,5,5,5,4,3,25,3,2,3,2,8956,20,Female,Divorced,Yes,1,1,0.8,1.0,0.6,1.0,Stable long-term contributors,High,0.8600000000000001,False
2088,60,Sales,Sales Executive,Technical Degree,1,25,1,0,1,0,3,19,3,4,1,2,3704,15,Male,Single,No,9,0,0.0,0.0,3.0,1.0,Stable long-term contributors,Low,0.1,False
2089,41,Sales,Sales Executive,Other,1,13,2,2,0,1,3,22,3,1,1,3,2892,7,Male,Single,Yes,6,0,0.5,1.0,1.5,0.0,Stable long-term contributors,High,0.6000000000000001,False
2090,42,Human Resources,Manager,Life Sciences,2,15,0,0,0,0,3,18,4,3,4,1,5087,24,Male,Married,No,8,0,0.0,0.0,3.0,0.0,Fast-track performers,Low,0.0,False
2091,24,Research & Development,Healthcare Representative,Human Resources,1,5,4,3,3,2,3,12,3,1,4,2,2298,18,Male,Single,No,0,1,0.5,0.75,0.75,0.75,High-risk stagnation profiles,High,0.6000000000000001,False
2092,23,Research & Development,Research Director,Medical,1,2,0,0,0,0,3,25,3,2,2,4,2619,5,Male,Married,No,2,0,0.0,0.0,3.0,0.0,Fast-track performers,Low,0.0,False
2093,41,Research & Development,Manufacturing Director,Life Sciences,3,8,1,0,0,0,3,18,3,2,3,2,9994,21,Male,Married,No,5,0,0.0,0.0,3.0,0.0,Fast-track performers,Low,0.0,False
2094,50,Research & Development,Laboratory Technician,Technical Degree,2,20,20,19,10,14,4,13,3,1,2,3,6806,29,Male,Divorced,No,3,0,0.7,0.95,0.2,0.5,High-risk stagnation profiles,High,0.79,False
2095,46,Research & Development,Research Director,Human Resources,2,14,1,0,0,0,4,13,3,4,3,3,6305,25,Male,Single,No,9,0,0.0,0.0,4.0,0.0,Fast-track performers,Low,0.0,False
2096,60,Research & Development,Manufacturing Director,Human Resources,3,31,7,2,2,1,3,19,3,3,3,3,10644,29,Male,Single,No,9,0,0.14285714285714285,0.2857142857142857,0.42857142857142855,0.2857142857142857,Fast-track performers,Medium,0.2571428571428571,True
2097,39,Research & Development,Manufacturing Director,Human Resources,3,8,5,2,2,1,1,23,3,4,2,4,9335,29,Male,Married,Yes,0,0,0.2,0.4,0.2,0.4,Fast-track performers,Medium,0.3600000000000001,True
2098,43,Research & Development,Manufacturing Director,Marketing,1,12,3,3,3,2,3,19,3,1,4,2,2746,13,Male,Married,No,8,0,0.6666666666666666,1.0,1.0,1.0,High-risk stagnation profiles,High,0.7666666666666667,False
2099,45,Research & Development,Manager,Medical,2,20,12,12,6,12,4,25,3,1,1,4,7082,3,Male,Divorced,No,6,1,1.0,1.0,0.3333333333333333,0.5,High-risk stagnation profiles,High,0.9166666666666667,False
2100,38,Research & Development,Manager,Technical Degree,1,10,3,2,0,1,3,19,3,2,1,3,3730,28,Female,Divorced,No,6,0,0.3333333333333333,0.6666666666666666,1.0,0.0,High-risk stagnation profiles,Medium,0.4,True
2101,24,Research & Development,Manufacturing Director,Technical Degree,1,4,1,1,1,1,3,14,4,4,4,3,2355,6,Male,Divorced,Yes,0,0,1.0,1.0,3.0,1.0,High-risk stagnation profiles,High,0.9,True
2102,34,Research & Development,Manager,Human Resources,3,4,2,0,2,0,2,22,4,2,4,1,7140,26,Female,Married,Yes,8,0,0.0,0.0,1.0,1.0,Fast-track performers,Low,0.1,False
2103,37,Research & Development,Healthcare Representative,Technical Degree,4,10,6,5,0,3,3,24,3,3,3,1,13329,12,Male,Married,No,7,0,0.5,0.8333333333333334,0.5,0.0,High-risk stagnation profiles,High,0.5833333333333335,True
2104,58,Sales,Manager,Medical,5,21,18,15,17,11,3,17,3,2,3,3,16263,21,Female,Single,No,9,1,0.6111111111111112,0.8333333333333334,0.16666666666666666,0.9444444444444444,Stable long-term contributors,High,0.7555555555555556,False
2105,37,Research & Development,Healthcare Representative,Medical,2,13,12,9,11,5,5,23,4,1,3,4,5205,18,Male,Married,No,4,0,0.4166666666666667,0.75,0.4166666666666667,0.9166666666666666,High-risk stagnation profiles,High,0.6166666666666667,False
2106,39,Research & Development,Healthcare Representative,Other,1,11,4,3,2,2,4,18,3,4,3,3,3153,18,Female,Divorced,Yes,3,0,0.5,0.75,1.0,0.5,High-risk stagnation profiles,Medium,0.55,True
2107,45,Sales,Manager,Other,1,14,9,9,0,8,2,25,3,3,3,2,3039,4,Male,Single,Yes,0,1,0.8888888888888888,1.0,0.2222222222222222,0.0,High-risk stagnation profiles,High,0.8333333333333333,False
2108,57,Research & Development,Laboratory Technician,Life Sciences,3,25,21,20,10,19,3,25,3,4,3,1,8958,28,Female,Single,No,8,0,0.9047619047619048,0.9523809523809523,0.14285714285714285,0.47619047619047616,High-risk stagnation profiles,High,0.8761904761904762,True
2109,24,Research & Development,Manufacturing Director,Medical,2,1,1,1,0,0,4,23,3,4,3,3,4670,20,Male,Divorced,No,7,0,0.0,1.0,4.0,0.0,Fast-track performers,Medium,0.4,True
2110,18,Sales,Manager,Medical,2,0,1,0,1,0,3,25,3,3,4,3,4382,23,Female,Single,No,1,0,0.0,0.0,3.0,1.0,Fast-track performers,Low,0.1,False
2111,49,Sales,Sales Representative,Medical,3,21,3,2,2,2,3,23,3,1,4,2,9210,14,Male,Single,Yes,3,1,0.6666666666666666,0.6666666666666666,1.0,0.6666666666666666,Stable long-term contributors,High,0.6,False
2112,30,Research & Development,Manufacturing Director,Other,3,7,5,1,1,1,4,15,4,3,3,1,8987,28,Female,Divorced,No,3,0,0.2,0.2,0.8,0.2,Fast-track performers,Medium,0.2,True
2113,47,Research & Development,Laboratory Technician,Human Resources,4,17,6,2,5,2,4,23,3,2,3,3,13272,14,Female,Single,No,6,0,0.3333333333333333,0.3333333333333333,0.6666666666666666,0.8333333333333334,Fast-track performers,Medium,0.3833333333333333,True
2114,40,Human Resources,Manager,Human Resources,1,14,3,0,1,0,2,25,3,3,3,3,2747,1,Female,Single,No,2,0,0.0,0.0,0.6666666666666666,0.3333333333333333,Fast-track performers,Low,0.06666666666666668,False
2115,36,Research & Development,Research Scientist,Technical Degree,3,6,1,1,1,1,3,25,3,3,3,3,9146,11,Female,Married,Yes,7,0,1.0,1.0,3.0,1.0,High-risk stagnation profiles,High,0.9,True
2116,49,Research & Development,Research Scientist,Human Resources,4,26,26,2,18,1,5,11,3,4,3,4,10437,22,Male,Married,No,6,0,0.038461538461538464,0.07692307692307693,0.19230769230769232,0.6923076923076923,Fast-track performers,Medium,0.19615384615384615,True
2117,47,Sales,Manager,Marketing,1,10,6,2,6,2,6,25,4,4,4,3,3179,27,Male,Married,No,9,0,0.3333333333333333,0.3333333333333333,1.0,1.0,Stable long-term contributors,Medium,0.3666666666666667,True
2118,46,Research & Development,Healthcare Representative,Other,2,20,2,1,1,1,4,19,4,4,4,2,7256,29,Female,Married,No,3,0,0.5,0.5,2.0,0.5,High-risk stagnation profiles,Medium,0.45,True
2119,46,Research & Development,Laboratory Technician,Medical,1,13,0,0,0,0,6,16,3,1,4,3,3332,9,Male,Married,No,8,0,0.0,0.0,6.0,0.0,Fast-track performers,Low,0.0,False
2120,47,Research & Development,Research Director,Human Resources,5,26,1,0,1,0,3,13,4,2,4,4,11547,18,Female,Married,No,5,0,0.0,0.0,3.0,1.0,Fast-track performers,Low,0.1,False
2121,33,Sales,Manager,Other,1,12,9,2,4,1,3,13,3,1,4,4,3065,28,Male,Single,No,2,0,0.1111111111111111,0.2222222222222222,0.3333333333333333,0.4444444444444444,Fast-track performers,Medium,0.24444444444444446,False
2122,57,Research & Development,Research Scientist,Human Resources,2,31,15,9,3,4,3,24,3,4,3,4,6687,5,Male,Single,No,6,1,0.26666666666666666,0.6,0.2,0.2,Fast-track performers,Medium,0.4466666666666667,False
2123,36,Sales,Sales Executive,Life Sciences,1,9,8,8,4,7,1,24,3,4,4,2,3677,10,Male,Married,No,5,1,0.875,1.0,0.125,0.5,Stable long-term contributors,High,0.8875000000000001,False
2124,35,Research & Development,Laboratory Technician,Medical,3,13,11,3,9,2,3,20,3,2,2,3,10744,15,Male,Divorced,No,7,0,0.18181818181818182,0.2727272727272727,0.2727272727272727,0.8181818181818182,Fast-track performers,Medium,0.3363636363636364,True
2125,18,Research & Development,Laboratory Technician,Life Sciences,1,0,0,0,0,0,3,11,4,1,1,4,2902,27,Female,Married,No,4,0,0.0,0.0,3.0,0.0,Fast-track performers,Low,0.0,False
2126,31,Research & Development,Research Director,Medical,1,9,7,3,5,2,4,23,3,3,3,3,3397,10,Male,Married,No,5,1,0.2857142857142857,0.42857142857142855,0.5714285714285714,0.7142857142857143,Fast-track performers,Medium,0.4,False
2127,19,Sales,Sales Executive,Other,2,4,0,0,0,0,4,18,3,4,4,2,5963,16,Male,Married,No,0,0,0.0,0.0,4.0,0.0,Fast-track performers,Low,0.0,False
2128,45,Research & Development,Manager,Technical Degree,4,16,16,10,11,9,3,12,3,3,3,4,12924,4,Female,Single,No,7,1,0.5625,0.625,0.1875,0.6875,High-risk stagnation profiles,High,0.625,False
2129,47,Research & Development,Laboratory Technician,Human Resources,1,22,15,2,6,2,3,22,3,1,2,3,3771,4,Male,Divorced,Yes,0,0,0.13333333333333333,0.13333333333333333,0.2,0.4,Fast-track performers,Medium,0.2266666666666667,False
2130,55,Sales,Sales Executive,Human Resources,1,19,7,3,5,1,2,11,3,4,3,2,4612,8,Female,Divorced,No,2,0,0.14285714285714285,0.42857142857142855,0.2857142857142857,0.7142857142857143,Stable long-term contributors,Medium,0.37142857142857144,True
2131,21,Research & Development,Manufacturing Director,Marketing,3,3,2,0,0,0,3,17,3,4,3,2,7331,6,Male,Married,No,1,0,0.0,0.0,1.5,0.0,Fast-track performers,Low,0.0,False
2132,18,Human Resources,Human Resources,Life Sciences,2,4,3,2,0,1,4,24,3,1,2,3,6462,23,Female,Single,No,5,1,0.3333333333333333,0.6666666666666666,1.3333333333333333,0.0,High-risk stagnation profiles,Medium,0.4,False
2133,25,Research & Development,Manufacturing Director,Human Resources,4,3,3,0,0,0,2,21,3,4,4,3,7822,11,Male,Married,No,7,0,0.0,0.0,0.6666666666666666,0.0,Fast-track performers,Low,0.03333333333333334,False
2134,46,Sales,Sales Executive,Other,1,12,11,9,3,4,3,19,3,3,4,1,3593,28,Male,Married,No,7,0,0.36363636363636365,0.8181818181818182,0.2727272727272727,0.2727272727272727,Stable long-term contributors,High,0.5727272727272728,True
2135,56,Research & Development,Manufacturing Director,Technical Degree,2,23,11,9,11,6,3,16,3,3,4,3,7024,25,Male,Single,Yes,6,0,0.5454545454545454,0.8181818181818182,0.2727272727272727,1.0,High-risk stagnation profiles,High,0.7181818181818183,True
2136,20,Sales,Manager,Other,1,1,0,0,0,0,4,18,3,3,2,3,3259,13,Male,Married,No,6,0,0.0,0.0,4.0,0.0,Fast-track performers,Low,0.0,False
2137,49,Research & Development,Healthcare Representative,Life Sciences,1,19,13,13,11,12,5,18,3,4,2,3,4240,19,Female,Divorced,No,7,0,0.9230769230769231,1.0,0.38461538461538464,0.8461538461538461,High-risk stagnation profiles,High,0.9153846153846155,True
2138,27,Research & Development,Research Scientist,Marketing,3,8,3,1,0,1,4,19,3,4,3,2,7700,11,Male,Divorced,No,4,0,0.3333333333333333,0.3333333333333333,1.3333333333333333,0.0,Fast-track performers,Medium,0.26666666666666666,True
2139,27,Research & Development,Healthcare Representative,Human Resources,2,5,0,0,0,0,3,17,3,1,3,3,5509,2,Female,Single,No,2,0,0.0,0.0,3.0,0.0,Fast-track performers,Low,0.0,False
2140,36,Research & Development,Manager,Other,3,12,9,3,4,2,3,19,3,4,1,1,7934,3,Male,Single,Yes,1,0,0.2222222222222222,0.3333333333333333,0.3333333333333333,0.4444444444444444,Fast-track performers,Medium,0.3333333333333333,True
2141,51,Research & Development,Research Director,Medical,1,9,0,0,0,0,1,25,3,1,4,2,2823,15,Male,Married,No,2,0,0.0,0.0,1.0,0.0,Fast-track performers,Low,0.0,False
2142,50,Sales,Sales Representative,Technical Degree,2,23,16,1,11,0,2,19,3,4,3,3,5812,24,Male,Divorced,No,2,0,0.0,0.0625,0.125,0.6875,Stable long-term contributors,Low,0.18125000000000002,False
2143,40,Research & Development,Research Scientist,Other,2,14,0,0,0,0,2,22,3,3,4,4,5025,13,Male,Married,No,6,0,0.0,0.0,2.0,0.0,Fast-track performers,Low,0.0,False
2144,45,Sales,Manager,Technical Degree,5,15,3,1,0,1,1,21,3,2,4,3,13921,25,Male,Married,No,0,0,0.3333333333333333,0.3333333333333333,0.3333333333333333,0.0,Stable long-term contributors,Medium,0.33333333333333337,True
2145,49,Research & Development,Manufacturing Director,Human Resources,1,12,0,0,0,0,2,11,3,2,1,1,3816,10,Male,Single,No,6,0,0.0,0.0,2.0,0.0,Fast-track performers,Low,0.0,False
2146,24,Sales,Sales Executive,Medical,1,3,1,0,1,0,2,16,3,4,4,3,3210,5,Female,Married,No,5,0,0.0,0.0,2.0,1.0,Stable long-term contributors,Low,0.1,False
2147,46,Research & Development,Laboratory Technician,Marketing,2,21,19,18,15,11,1,22,3,3,4,3,4990,24,Male,Divorced,Yes,9,1,0.5789473684210527,0.9473684210526315,0.05263157894736842,0.7894736842105263,High-risk stagnation profiles,High,0.7842105263157895,False
2148,25,Research & Development,Healthcare Representative,Marketing,2,4,1,0,1,0,3,18,3,4,3,4,4183,11,Male,Married,No,1,0,0.0,0.0,3.0,1.0,Fast-track performers,Low,0.1,False
2149,18,Sales,Sales Representative,Medical,1,0,1,1,1,1,6,20,3,3,3,4,2143,23,Male,Divorced,No,9,0,1.0,1.0,6.0,1.0,Stable long-term contributors,High,0.9,True
2150,20,Human Resources,Human Resources,Technical Degree,4,0,0,0,0,0,5,19,3,4,3,2,8628,28,Female,Married,No,0,0,0.0,0.0,5.0,0.0,Fast-track performers,Low,0.0,False
2151,41,Research & Development,Research Director,Human Resources,1,14,6,1,3,1,0,25,3,3,2,2,3082,14,Male,Divorced,Yes,8,0,0.16666666666666666,0.16666666666666666,0.0,0.5,Fast-track performers,Medium,0.2833333333333333,True
2152,40,Research & Development,Manager,Other,4,17,14,14,8,7,3,14,4,2,3,2,10607,28,Female,Single,No,1,0,0.5,1.0,0.21428571428571427,0.5714285714285714,High-risk stagnation profiles,High,0.7357142857142858,True
2153,25,Research & Development,Manager,Medical,1,3,3,2,0,2,5,23,4,3,1,3,2828,29,Male,Single,No,3,0,0.6666666666666666,0.6666666666666666,1.6666666666666667,0.0,High-risk stagnation profiles,Medium,0.5333333333333333,True
2154,54,Human Resources,Manager,Life Sciences,3,15,6,5,0,4,1,12,4,4,3,1,8959,25,Male,Single,Yes,8,0,0.6666666666666666,0.8333333333333334,0.16666666666666666,0.0,High-risk stagnation profiles,High,0.6833333333333335,True
2155,20,Research & Development,Healthcare Representative,Technical Degree,4,1,0,0,0,0,4,21,3,3,2,2,10305,20,Male,Married,No,8,0,0.0,0.0,4.0,0.0,Fast-track performers,Low,0.0,False
2156,50,Research & Development,Laboratory Technician,Marketing,1,14,2,1,0,0,3,19,3,2,1,3,2898,15,Male,Married,No,0,0,0.0,0.5,1.5,0.0,Fast-track performers,Medium,0.2,True
2157,45,Sales,Sales Executive,Medical,5,10,2,1,1,1,5,19,3,4,3,2,14826,13,Female,Married,Yes,1,0,0.5,0.5,2.5,0.5,Stable long-term contributors,Medium,0.45,True
2158,25,Research & Development,Research Director,Marketing,2,5,1,1,0,1,5,22,3,4,3,1,6222,26,Male,Divorced,No,1,0,1.0,1.0,5.0,0.0,High-risk stagnation profiles,High,0.8,True
2159,51,Research & Development,Manufacturing Director,Technical Degree,5,20,0,0,0,0,4,18,3,1,3,3,12889,3,Male,Married,Yes,1,1,0.0,0.0,4.0,0.0,Fast-track performers,Low,0.0,False
2160,52,Research & Development,Manager,Marketing,3,16,13,13,6,8,4,13,3,4,1,2,6824,9,Male,Single,No,7,0,0.6153846153846154,1.0,0.3076923076923077,0.46153846153846156,High-risk stagnation profiles,High,0.7615384615384615,True
2161,49,Sales,Manager,Medical,1,27,16,5,2,3,2,15,3,4,4,3,3369,8,Male,Divorced,No,7,0,0.1875,0.3125,0.125,0.125,Stable long-term contributors,Medium,0.30000000000000004,True
2162,41,Research & Development,Research Scientist,Technical Degree,1,11,2,2,0,2,1,12,3,2,3,4,2956,15,Female,Married,No,9,1,1.0,1.0,0.5,0.0,High-risk stagnation profiles,High,0.8500000000000001,False
2163,31,Research & Development,Research Director,Life Sciences,1,6,5,3,3,2,3,24,4,2,1,2,2932,23,Female,Married,No,7,0,0.4,0.6,0.6,0.6,High-risk stagnation profiles,Medium,0.5,True
2164,49,Research & Development,Manufacturing Director,Medical,1,20,14,9,14,9,2,13,3,4,3,3,2967,1,Male,Divorced,Yes,3,0,0.6428571428571429,0.6428571428571429,0.14285714285714285,1.0,High-risk stagnation profiles,High,0.7000000000000001,True
2165,60,Research & Development,Laboratory Technician,Other,1,26,26,21,10,19,1,11,3,4,3,4,4764,2,Male,Divorced,No,7,0,0.7307692307692307,0.8076923076923077,0.038461538461538464,0.38461538461538464,High-risk stagnation profiles,High,0.75,True
2166,33,Research & Development,Manager,Human Resources,1,10,8,6,1,4,3,14,4,2,1,4,2878,9,Female,Married,Yes,6,1,0.5,0.75,0.375,0.125,High-risk stagnation profiles,High,0.575,False
2167,21,Research & Development,Manager,Medical,2,0,1,0,1,0,5,15,3,2,3,3,5668,21,Male,Divorced,No,7,0,0.0,0.0,5.0,1.0,Fast-track performers,Low,0.1,False
2168,54,Research & Development,Healthcare Representative,Technical Degree,3,23,1,1,0,0,0,22,4,2,4,3,7139,17,Female,Married,No,0,1,0.0,1.0,0.0,0.0,High-risk stagnation profiles,Medium,0.5,False
2169,38,Research & Development,Laboratory Technician,Human Resources,1,7,6,2,3,1,2,12,3,3,4,1,2894,9,Male,Married,No,2,1,0.16666666666666666,0.3333333333333333,0.3333333333333333,0.5,Fast-track performers,Medium,0.3166666666666667,False
2170,31,Research & Development,Healthcare Representative,Medical,1,8,0,0,0,0,3,25,3,2,2,3,2581,1,Male,Married,Yes,9,0,0.0,0.0,3.0,0.0,Fast-track performers,Low,0.0,False
2171,48,Research & Development,Manufacturing Director,Life Sciences,2,19,17,16,16,13,3,25,3,1,4,4,4433,8,Female,Married,Yes,5,0,0.7647058823529411,0.9411764705882353,0.17647058823529413,0.9411764705882353,High-risk stagnation profiles,High,0.8588235294117648,False
2172,35,Sales,Manager,Life Sciences,1,9,5,3,0,2,2,13,3,4,2,3,3622,5,Male,Married,No,0,0,0.4,0.6,0.4,0.0,Stable long-term contributors,Medium,0.46,True
2173,24,Research & Development,Research Scientist,Other,1,4,2,1,1,1,6,22,3,4,4,3,3011,11,Female,Married,Yes,3,0,0.5,0.5,3.0,0.5,High-risk stagnation profiles,Medium,0.45,True
2174,27,Sales,Sales Representative,Marketing,1,9,4,1,4,1,3,16,3,3,1,2,2692,28,Male,Single,No,8,0,0.25,0.25,0.75,1.0,Stable long-term contributors,Medium,0.325,True
2175,24,Sales,Sales Representative,Human Resources,5,0,1,1,1,1,3,16,3,3,3,3,13649,6,Female,Married,Yes,6,0,1.0,1.0,3.0,1.0,Stable long-term contributors,High,0.9,True
2176,50,Research & Development,Laboratory Technician,Technical Degree,4,17,1,0,1,0,0,25,3,3,3,3,11517,17,Male,Married,No,0,0,0.0,0.0,0.0,1.0,Fast-track performers,Medium,0.2,True
2177,40,Research & Development,Healthcare Representative,Technical Degree,2,7,0,0,0,0,3,17,3,3,2,3,5516,18,Male,Divorced,No,5,0,0.0,0.0,3.0,0.0,Fast-track performers,Low,0.0,False
2178,38,Research & Development,Manufacturing Director,Marketing,3,9,6,3,6,3,4,22,3,4,4,1,7779,23,Female,Married,No,5,0,0.5,0.5,0.6666666666666666,1.0,High-risk stagnation profiles,Medium,0.5333333333333333,True
2179,36,Research & Development,Laboratory Technician,Life Sciences,2,2,1,1,0,1,2,19,3,4,3,3,6224,18,Male,Divorced,No,1,0,1.0,1.0,2.0,0.0,High-risk stagnation profiles,High,0.8,True
2180,36,Research & Development,Laboratory Technician,Life Sciences,3,15,7,3,2,2,3,14,3,2,1,3,7156,5,Female,Divorced,No,5,1,0.2857142857142857,0.42857142857142855,0.42857142857142855,0.2857142857142857,Fast-track performers,Medium,0.37142857142857144,False
2181,53,Research & Development,Manager,Medical,3,15,10,9,10,6,0,15,3,3,3,2,8316,27,Female,Married,Yes,9,0,0.6,0.9,0.0,1.0,High-risk stagnation profiles,High,0.8,True
2182,46,Research & Development,Research Scientist,Other,2,14,14,3,12,1,6,21,3,3,3,2,5733,25,Female,Married,No,1,0,0.07142857142857142,0.21428571428571427,0.42857142857142855,0.8571428571428571,Fast-track performers,Medium,0.2571428571428571,True
2183,35,Sales,Sales Representative,Human Resources,1,11,7,5,7,3,1,12,3,3,2,2,3746,5,Female,Married,Yes,7,0,0.42857142857142855,0.7142857142857143,0.14285714285714285,1.0,Stable long-term contributors,High,0.6428571428571429,True
2184,19,Research & Development,Manager,Other,1,0,1,1,1,1,5,16,4,3,4,3,3083,28,Female,Divorced,No,6,0,1.0,1.0,5.0,1.0,High-risk stagnation profiles,High,0.9,True
2185,18,Sales,Sales Executive,Other,2,1,1,0,0,0,3,14,3,4,4,3,6035,19,Male,Married,No,5,0,0.0,0.0,3.0,0.0,Fast-track performers,Low,0.0,False
2186,22,Research & Development,Manufacturing Director,Medical,4,4,0,0,0,0,3,15,4,4,2,4,11999,27,Female,Single,No,9,1,0.0,0.0,3.0,0.0,Fast-track performers,Low,0.0,False
2187,37,Sales,Sales Representative,Other,2,6,3,0,3,0,4,17,3,3,3,2,6750,13,Male,Married,No,5,0,0.0,0.0,1.3333333333333333,1.0,Stable long-term contributors,Low,0.1,False
2188,28,Research & Development,Manufacturing Director,Marketing,4,4,1,1,1,1,1,16,3,4,2,4,11297,22,Female,Married,Yes,8,1,1.0,1.0,1.0,1.0,High-risk stagnation profiles,High,0.9,False
2189,59,Research & Development,Manager,Medical,5,22,8,7,6,3,3,18,3,4,4,3,15873,7,Male,Single,No,8,0,0.375,0.875,0.375,0.75,High-risk stagnation profiles,High,0.6375,True
2190,19,Sales,Sales Executive,Marketing,1,3,2,2,2,1,3,16,3,4,4,3,3399,26,Male,Married,No,9,0,0.5,1.0,1.5,1.0,Stable long-term contributors,High,0.7000000000000001,True
2191,20,Research & Development,Research Scientist,Medical,3,0,1,0,1,0,1,20,3,4,3,1,5429,14,Male,Single,Yes,9,0,0.0,0.0,1.0,1.0,Fast-track performers,Low,0.1,False
2192,40,Research & Development,Manager,Other,3,14,8,8,3,6,4,24,3,2,4,2,8642,27,Female,Married,No,1,0,0.75,1.0,0.5,0.375,High-risk stagnation profiles,High,0.7875000000000001,True
2193,29,Sales,Sales Executive,Marketing,5,5,3,0,3,0,0,18,3,2,3,4,14423,26,Male,Married,No,2,0,0.0,0.0,0.0,1.0,Stable long-term contributors,Medium,0.2,True
2194,37,Research & Development,Healthcare Representative,Marketing,5,12,11,4,6,3,4,23,3,4,3,2,16145,27,Male,Divorced,No,9,0,0.2727272727272727,0.36363636363636365,0.36363636363636365,0.5454545454545454,Fast-track performers,Medium,0.3727272727272728,True
2195,22,Research & Development,Research Director,Marketing,3,0,1,1,1,1,3,24,3,4,4,2,9112,8,Male,Married,Yes,6,1,1.0,1.0,3.0,1.0,High-risk stagnation profiles,High,0.9,False
2196,54,Sales,Sales Representative,Medical,1,29,24,4,12,2,2,24,3,4,3,2,4420,3,Male,Divorced,No,9,0,0.08333333333333333,0.16666666666666666,0.08333333333333333,0.5,Stable long-term contributors,Medium,0.2416666666666667,True
2197,55,Sales,Sales Representative,Technical Degree,3,13,13,2,7,2,4,14,3,1,3,4,10147,27,Male,Divorced,No,8,0,0.15384615384615385,0.15384615384615385,0.3076923076923077,0.5384615384615384,Stable long-term contributors,Medium,0.24615384615384617,False
2198,47,Sales,Sales Executive,Other,1,10,7,2,0,1,3,22,3,3,4,2,3433,4,Male,Married,No,5,0,0.14285714285714285,0.2857142857142857,0.42857142857142855,0.0,Stable long-term contributors,Medium,0.22857142857142856,True
2199,26,Research & Development,Manufacturing Director,Marketing,3,6,3,3,0,2,3,17,4,1,2,2,5898,10,Female,Divorced,Yes,0,1,0.6666666666666666,1.0,1.0,0.0,High-risk stagnation profiles,High,0.6666666666666667,False
2200,51,Sales,Manager,Human Resources,4,26,13,8,3,7,3,13,3,3,2,3,8718,4,Male,Single,No,6,0,0.5384615384615384,0.6153846153846154,0.23076923076923078,0.23076923076923078,Stable long-term contributors,High,0.5615384615384617,True
2201,52,Research & Development,Manager,Technical Degree,2,32,30,14,15,10,2,11,3,2,4,3,7928,18,Female,Divorced,Yes,0,0,0.3333333333333333,0.4666666666666667,0.06666666666666667,0.5,Fast-track performers,Medium,0.4633333333333333,True
2202,39,Sales,Sales Representative,Human Resources,2,14,7,3,3,3,5,23,3,1,4,3,5831,23,Male,Single,No,4,0,0.42857142857142855,0.42857142857142855,0.7142857142857143,0.42857142857142855,Stable long-term contributors,Medium,0.4142857142857143,False
2203,41,Human Resources,Human Resources,Other,2,5,1,0,0,0,3,19,3,1,4,3,5177,12,Male,Divorced,No,8,0,0.0,0.0,3.0,0.0,Fast-track performers,Low,0.0,False
2204,34,Sales,Sales Executive,Other,2,10,5,0,3,0,2,19,3,3,2,4,5355,20,Male,Married,No,9,0,0.0,0.0,0.4,0.6,Stable long-term contributors,Low,0.12,False
2205,27,Sales,Manager,Marketing,1,4,4,2,2,1,4,16,3,3,3,4,3327,20,Female,Single,No,9,0,0.25,0.5,1.0,0.5,Stable long-term contributors,Medium,0.35000000000000003,True
2206,47,Research & Development,Healthcare Representative,Marketing,3,14,11,4,3,3,0,25,3,1,4,3,7632,15,Male,Single,No,8,0,0.2727272727272727,0.36363636363636365,0.0,0.2727272727272727,Fast-track performers,Medium,0.3818181818181819,False
2207,40,Sales,Manager,Medical,5,8,3,2,3,2,2,12,3,2,2,2,15468,13,Male,Single,No,0,0,0.6666666666666666,0.6666666666666666,0.6666666666666666,1.0,Stable long-term contributors,High,0.6666666666666666,True
2208,49,Sales,Manager,Technical Degree,5,11,11,6,6,5,3,18,3,2,2,3,16050,12,Female,Married,No,5,0,0.45454545454545453,0.5454545454545454,0.2727272727272727,0.5454545454545454,Stable long-term contributors,Medium,0.5272727272727273,True
2209,34,Research & Development,Manager,Technical Degree,1,7,1,1,0,1,5,20,3,4,3,2,2964,8,Male,Married,No,2,1,1.0,1.0,5.0,0.0,High-risk stagnation profiles,High,0.8,False
2210,34,Sales,Sales Representative,Marketing,4,7,2,2,0,1,6,16,3,2,3,2,10249,22,Male,Divorced,No,8,0,0.5,1.0,3.0,0.0,Stable long-term contributors,High,0.6000000000000001,True
2211,31,Research & Development,Research Director,Other,3,4,0,0,0,0,4,17,4,2,2,4,8828,22,Female,Married,Yes,2,0,0.0,0.0,4.0,0.0,Fast-track performers,Low,0.0,False
2212,26,Sales,Sales Executive,Marketing,1,6,3,2,0,2,3,23,4,4,4,4,3246,27,Female,Single,Yes,1,0,0.6666666666666666,0.6666666666666666,1.0,0.0,Stable long-term contributors,Medium,0.5333333333333333,True
2213,57,Sales,Sales Executive,Other,1,30,3,0,0,0,3,11,3,3,4,3,4327,9,Female,Married,Yes,7,1,0.0,0.0,1.0,0.0,Stable long-term contributors,Low,0.0,False
2214,19,Sales,Sales Executive,Other,1,1,0,0,0,0,3,13,3,4,3,4,2032,20,Female,Single,No,2,0,0.0,0.0,3.0,0.0,Fast-track performers,Low,0.0,False
2215,42,Research & Development,Manager,Marketing,4,13,1,1,0,1,2,25,3,3,4,4,9454,9,Male,Divorced,No,4,0,1.0,1.0,2.0,0.0,High-risk stagnation profiles,High,0.8,True
2216,56,Research & Development,Manager,Life Sciences,2,25,6,0,1,0,6,11,3,4,4,3,6093,17,Female,Married,Yes,5,1,0.0,0.0,1.0,0.16666666666666666,Fast-track performers,Low,0.016666666666666666,False
2217,26,Research & Development,Research Director,Technical Degree,3,7,6,1,6,1,1,20,3,2,4,3,7205,27,Male,Married,No,9,0,0.16666666666666666,0.16666666666666666,0.16666666666666666,1.0,Fast-track performers,Medium,0.31666666666666665,True
2218,39,Sales,Sales Executive,Human Resources,1,3,0,0,0,0,3,11,4,4,1,3,2382,25,Male,Single,Yes,9,0,0.0,0.0,3.0,0.0,Fast-track performers,Low,0.0,False
2219,60,Research & Development,Manufacturing Director,Other,3,21,5,2,5,2,5,22,3,4,2,2,9606,1,Male,Single,No,0,0,0.4,0.4,1.0,1.0,Fast-track performers,Medium,0.42000000000000004,True
2220,21,Research & Development,Research Director,Other,1,0,1,0,0,0,4,22,3,3,1,2,3136,23,Female,Divorced,Yes,6,0,0.0,0.0,4.0,0.0,Fast-track performers,Low,0.0,False
2221,43,Sales,Sales Representative,Life Sciences,2,6,3,2,1,1,0,21,4,4,1,3,6045,6,Female,Married,No,6,0,0.3333333333333333,0.6666666666666666,0.0,0.3333333333333333,Stable long-term contributors,Medium,0.5333333333333333,True
2222,46,Research & Development,Laboratory Technician,Human Resources,2,21,7,6,6,4,0,23,3,3,2,2,7147,7,Male,Divorced,Yes,4,0,0.5714285714285714,0.8571428571428571,0.0,0.8571428571428571,High-risk stagnation profiles,High,0.7571428571428571,True
2223,51,Research & Development,Manager,Medical,1,25,20,10,17,6,3,11,4,1,3,2,4602,9,Male,Married,No,8,0,0.3,0.5,0.15,0.85,Fast-track performers,Medium,0.49000000000000005,False
2224,40,Research & Development,Research Scientist,Life Sciences,4,10,5,1,5,1,3,14,3,2,2,2,11841,10,Male,Divorced,Yes,1,0,0.2,0.2,0.6,1.0,Fast-track performers,Medium,0.30000000000000004,True
2225,54,Sales,Sales Representative,Human Resources,1,26,15,10,9,7,3,23,4,4,1,3,3978,4,Female,Divorced,No,4,0,0.4666666666666667,0.6666666666666666,0.2,0.6,Stable long-term contributors,High,0.5933333333333335,True
2226,28,Research & Development,Manufacturing Director,Life Sciences,3,7,2,2,1,1,3,17,3,3,3,4,7258,16,Male,Single,No,1,1,0.5,1.0,1.5,0.5,High-risk stagnation profiles,High,0.6500000000000001,False
2227,23,Research & Development,Research Director,Other,2,3,0,0,0,0,6,17,3,3,2,3,6226,12,Male,Divorced,No,1,0,0.0,0.0,6.0,0.0,Fast-track performers,Low,0.0,False
2228,35,Research & Development,Research Director,Technical Degree,2,8,8,2,6,1,2,22,3,4,4,3,6638,9,Female,Single,Yes,8,0,0.125,0.25,0.25,0.75,Fast-track performers,Medium,0.30000000000000004,True
2229,38,Research & Development,Manager,Life Sciences,1,14,8,2,6,2,3,23,3,3,1,4,3684,3,Female,Married,No,6,0,0.25,0.25,0.375,0.75,Fast-track performers,Medium,0.3375,True
2230,59,Research & Development,Laboratory Technician,Medical,1,18,2,1,2,0,3,15,3,1,4,4,3066,26,Female,Married,No,3,1,0.0,0.5,1.5,1.0,Fast-track performers,Medium,0.30000000000000004,False
2231,53,Research & Development,Laboratory Technician,Marketing,4,20,19,10,4,6,2,22,4,4,4,3,12599,27,Female,Married,No,7,0,0.3157894736842105,0.5263157894736842,0.10526315789473684,0.21052631578947367,Fast-track performers,Medium,0.4473684210526316,True
2232,58,Research & Development,Manufacturing Director,Human Resources,1,9,6,3,0,3,2,16,3,4,4,4,2645,27,Female,Single,No,3,0,0.5,0.5,0.3333333333333333,0.0,High-risk stagnation profiles,Medium,0.4666666666666667,True
2233,55,Sales,Sales Executive,Life Sciences,3,11,1,1,1,0,5,12,3,2,4,3,6275,9,Female,Married,No,0,1,0.0,1.0,5.0,1.0,Stable long-term contributors,Medium,0.5,False
2234,51,Research & Development,Manager,Life Sciences,5,22,11,5,1,4,5,15,3,4,4,2,15570,29,Male,Divorced,No,9,0,0.36363636363636365,0.45454545454545453,0.45454545454545453,0.09090909090909091,Fast-track performers,Medium,0.39090909090909093,True
2235,34,Sales,Sales Executive,Medical,1,9,2,1,0,1,2,17,3,2,2,2,3101,17,Male,Divorced,No,2,1,0.5,0.5,1.0,0.0,Stable long-term contributors,Medium,0.4,False
2236,54,Human Resources,Manager,Technical Degree,1,16,15,8,8,6,5,24,3,3,4,3,3518,14,Female,Married,Yes,9,0,0.4,0.5333333333333333,0.3333333333333333,0.5333333333333333,High-risk stagnation profiles,Medium,0.4933333333333334,True
2237,42,Sales,Sales Representative,Life Sciences,3,12,5,1,1,0,2,19,3,1,4,3,9982,5,Male,Single,No,0,1,0.0,0.2,0.4,0.2,Stable long-term contributors,Low,0.16000000000000003,False
2238,55,Sales,Manager,Life Sciences,5,25,23,20,16,12,3,16,4,3,4,3,14726,26,Female,Divorced,Yes,1,0,0.5217391304347826,0.8695652173913043,0.13043478260869565,0.6956521739130435,Stable long-term contributors,High,0.7130434782608697,True
2239,29,Research & Development,Healthcare Representative,Technical Degree,4,2,2,2,1,1,1,22,3,3,3,3,10144,21,Male,Divorced,Yes,1,0,0.5,1.0,0.5,0.5,High-risk stagnation profiles,High,0.7000000000000002,True
2240,40,Research & Development,Healthcare Representative,Medical,2,16,16,9,14,5,5,24,3,3,3,1,5185,1,Male,Married,Yes,6,0,0.3125,0.5625,0.3125,0.875,Fast-track performers,Medium,0.50625,True
2241,59,Research & Development,Manufacturing Director,Human Resources,3,15,3,0,2,0,1,20,3,4,4,1,7471,1,Male,Single,No,3,0,0.0,0.0,0.3333333333333333,0.6666666666666666,Fast-track performers,Low,0.13333333333333336,False
2242,39,Research & Development,Research Director,Human Resources,1,4,0,0,0,0,3,14,3,1,3,3,3149,3,Male,Divorced,No,9,0,0.0,0.0,3.0,0.0,Fast-track performers,Low,0.0,False
2243,38,Sales,Manager,Life Sciences,5,8,1,0,0,0,4,13,3,4,4,2,12491,9,Male,Divorced,No,8,0,0.0,0.0,4.0,0.0,Fast-track performers,Low,0.0,False
2244,44,Sales,Manager,Technical Degree,5,13,7,6,7,6,1,19,3,3,1,3,11045,23,Male,Single,No,1,1,0.8571428571428571,0.8571428571428571,0.14285714285714285,1.0,High-risk stagnation profiles,High,0.8714285714285714,False
2245,48,Research & Development,Research Director,Life Sciences,1,15,5,1,2,0,3,17,3,4,3,3,2988,6,Female,Divorced,No,8,0,0.0,0.2,0.6,0.4,Fast-track performers,Low,0.16000000000000003,False
2246,23,Research & Development,Laboratory Technician,Marketing,1,3,0,0,0,0,0,21,3,3,3,3,2591,9,Female,Married,Yes,5,0,0.0,0.0,0.0,0.0,Fast-track performers,Low,0.1,False
2247,44,Sales,Manager,Human Resources,1,21,1,0,1,0,4,24,3,1,2,2,3713,4,Male,Divorced,Yes,9,1,0.0,0.0,4.0,1.0,Fast-track performers,Low,0.1,False
2248,57,Research & Development,Research Director,Other,1,20,18,3,14,2,3,23,3,1,2,3,3929,20,Male,Married,No,7,0,0.1111111111111111,0.16666666666666666,0.16666666666666666,0.7777777777777778,Fast-track performers,Medium,0.27222222222222225,False
2249,51,Research & Development,Manufacturing Director,Marketing,3,6,0,0,0,0,3,16,3,4,1,4,7719,19,Male,Married,No,6,0,0.0,0.0,3.0,0.0,Fast-track performers,Low,0.0,False
2250,29,Sales,Manager,Life Sciences,2,5,0,0,0,0,5,17,3,4,3,4,4341,5,Male,Single,No,7,0,0.0,0.0,5.0,0.0,Fast-track performers,Low,0.0,False
2251,24,Research & Development,Research Director,Medical,1,2,0,0,0,0,3,25,4,2,3,4,2626,5,Male,Divorced,No,8,0,0.0,0.0,3.0,0.0,Fast-track performers,Low,0.0,False
2252,27,Research & Development,Research Director,Human Resources,1,3,1,1,0,1,0,18,3,3,1,3,3252,28,Male,Married,No,7,0,1.0,1.0,0.0,0.0,High-risk stagnation profiles,High,0.9,True
2253,34,Research & Development,Research Scientist,Other,5,4,2,0,1,0,4,15,3,3,4,2,10436,14,Male,Divorced,Yes,5,0,0.0,0.0,2.0,0.5,Fast-track performers,Low,0.05,False
2254,43,Sales,Manager,Marketing,2,20,20,2,7,2,4,13,3,4,4,3,6493,10,Female,Single,No,7,0,0.1,0.1,0.2,0.35,Fast-track performers,Medium,0.19500000000000003,True
2255,38,Research & Development,Healthcare Representative,Human Resources,2,7,6,4,6,3,6,13,3,4,4,4,5759,23,Male,Divorced,Yes,7,1,0.5,0.6666666666666666,1.0,1.0,High-risk stagnation profiles,High,0.5666666666666667,False
2256,45,Research & Development,Manufacturing Director,Technical Degree,1,17,17,1,15,1,2,23,3,4,2,2,3958,16,Male,Married,No,1,0,0.058823529411764705,0.058823529411764705,0.11764705882352941,0.8823529411764706,Fast-track performers,Medium,0.22352941176470592,True
2257,19,Research & Development,Manufacturing Director,Medical,5,1,0,0,0,0,3,12,3,4,3,2,10109,23,Male,Single,No,1,0,0.0,0.0,3.0,0.0,Fast-track performers,Low,0.0,False
2258,60,Research & Development,Research Director,Marketing,4,17,10,3,9,3,4,18,3,4,3,2,13771,6,Female,Single,No,0,0,0.3,0.3,0.4,0.9,Fast-track performers,Medium,0.39,True
2259,18,Research & Development,Manufacturing Director,Technical Degree,1,0,1,0,1,0,4,11,4,2,4,3,2669,20,Female,Single,No,9,0,0.0,0.0,4.0,1.0,Fast-track performers,Low,0.1,False
2260,53,Sales,Sales Representative,Life Sciences,1,16,5,0,1,0,3,22,4,4,4,3,4008,23,Female,Married,Yes,1,0,0.0,0.0,0.6,0.2,Stable long-term contributors,Low,0.06000000000000001,False
2261,43,Research & Development,Manufacturing Director,Technical Degree,1,13,7,0,4,0,2,18,3,4,3,1,3099,14,Female,Married,No,6,0,0.0,0.0,0.2857142857142857,0.5714285714285714,Fast-track performers,Low,0.1285714285714286,False
2262,46,Sales,Sales Representative,Marketing,1,14,1,1,1,1,2,13,3,4,4,4,3957,18,Male,Single,No,2,0,1.0,1.0,2.0,1.0,Stable long-term contributors,High,0.9,True
2263,38,Research & Development,Healthcare Representative,Marketing,2,4,2,2,1,1,1,19,4,3,2,3,6141,29,Male,Single,Yes,3,1,0.5,1.0,0.5,0.5,High-risk stagnation profiles,High,0.7000000000000002,False
2264,28,Research & Development,Research Director,Life Sciences,5,6,6,2,3,1,5,22,3,1,1,2,12211,28,Female,Married,No,3,0,0.16666666666666666,0.3333333333333333,0.8333333333333334,0.5,Fast-track performers,Medium,0.26666666666666666,False
2265,57,Research & Development,Manufacturing Director,Technical Degree,2,28,9,0,5,0,2,24,3,3,4,2,7019,9,Female,Single,No,3,0,0.0,0.0,0.2222222222222222,0.5555555555555556,Fast-track performers,Low,0.13333333333333333,False
2266,28,Research & Development,Manager,Technical Degree,4,8,0,0,0,0,3,22,4,4,1,2,11204,7,Male,Married,No,1,0,0.0,0.0,3.0,0.0,Fast-track performers,Low,0.0,False
2267,53,Research & Development,Manager,Life Sciences,2,11,6,6,5,3,3,21,4,2,1,3,4593,18,Male,Married,No,5,0,0.5,1.0,0.5,0.8333333333333334,High-risk stagnation profiles,High,0.7333333333333335,True
2268,56,Research & Development,Manager,Technical Degree,3,11,5,2,0,2,3,12,3,3,4,2,9048,10,Female,Married,No,0,0,0.4,0.4,0.6,0.0,Fast-track performers,Medium,0.3600000000000001,True
2269,57,Research & Development,Laboratory Technician,Human Resources,3,20,7,4,4,2,3,20,3,3,2,3,6474,2,Male,Married,No,4,0,0.2857142857142857,0.5714285714285714,0.42857142857142855,0.5714285714285714,Fast-track performers,Medium,0.4571428571428572,True
2270,52,Research & Development,Research Scientist,Life Sciences,1,17,6,1,0,1,4,19,3,3,3,3,3199,13,Male,Married,No,1,1,0.16666666666666666,0.16666666666666666,0.6666666666666666,0.0,Fast-track performers,Low,0.16666666666666669,False
2271,51,Research & Development,Healthcare Representative,Medical,2,27,3,3,0,2,3,16,4,3,4,3,7548,6,Male,Single,No,8,1,0.6666666666666666,1.0,1.0,0.0,High-risk stagnation profiles,High,0.6666666666666667,False
2272,41,Sales,Manager,Marketing,2,7,2,1,1,1,2,11,4,1,2,2,4300,27,Male,Divorced,No,1,0,0.5,0.5,1.0,0.5,Stable long-term contributors,Medium,0.45,False
2273,39,Sales,Manager,Medical,1,12,2,0,1,0,3,15,3,4,2,3,4043,23,Male,Divorced,Yes,5,0,0.0,0.0,1.5,0.5,Fast-track performers,Low,0.05,False
2274,22,Research & Development,Manufacturing Director,Human Resources,2,5,3,3,3,3,4,20,3,4,1,4,6354,9,Male,Married,No,3,0,1.0,1.0,1.3333333333333333,1.0,High-risk stagnation profiles,High,0.9,True
2275,50,Research & Development,Laboratory Technician,Human Resources,2,20,8,5,0,5,6,19,3,1,1,1,6591,20,Female,Single,No,5,1,0.625,0.625,0.75,0.0,High-risk stagnation profiles,Medium,0.525,False
2276,53,Research & Development,Manufacturing Director,Other,5,14,12,11,7,8,3,23,3,4,1,1,15497,8,Male,Married,No,1,0,0.6666666666666666,0.9166666666666666,0.25,0.5833333333333334,High-risk stagnation profiles,High,0.7666666666666666,True
2277,37,Research & Development,Manufacturing Director,Other,2,12,1,1,1,0,4,16,3,4,1,3,6795,10,Female,Divorced,No,1,0,0.0,1.0,4.0,1.0,High-risk stagnation profiles,Medium,0.5,True
2278,36,Research & Development,Research Director,Other,3,4,4,3,2,2,3,17,3,1,3,3,6720,16,Female,Married,No,6,1,0.5,0.75,0.75,0.5,High-risk stagnation profiles,High,0.5750000000000001,False
2279,52,Sales,Sales Executive,Life Sciences,2,25,15,10,3,6,3,14,3,3,2,2,7786,15,Male,Divorced,No,2,0,0.4,0.6666666666666666,0.2,0.2,Stable long-term contributors,Medium,0.5266666666666667,True
2280,60,Research & Development,Research Director,Technical Degree,3,15,0,0,0,0,6,11,3,3,4,3,6905,13,Male,Married,No,2,0,0.0,0.0,6.0,0.0,Fast-track performers,Low,0.0,False
2281,34,Research & Development,Laboratory Technician,Human Resources,2,10,3,1,3,1,3,15,3,3,4,3,5204,18,Female,Married,No,6,0,0.3333333333333333,0.3333333333333333,1.0,1.0,Fast-track performers,Medium,0.3666666666666667,True
2282,60,Sales,Manager,Medical,4,33,7,2,6,2,1,12,3,4,4,4,12735,6,Male,Married,No,7,0,0.2857142857142857,0.2857142857142857,0.14285714285714285,0.8571428571428571,Stable long-term contributors,Medium,0.4,True
2283,51,Research & Development,Research Scientist,Medical,2,13,3,1,0,0,6,18,3,3,3,2,6474,20,Male,Married,Yes,6,0,0.0,0.3333333333333333,2.0,0.0,Fast-track performers,Low,0.13333333333333333,False
2284,26,Sales,Sales Executive,Medical,2,4,4,3,1,2,4,14,3,2,1,3,3930,24,Male,Married,Yes,2,0,0.5,0.75,1.0,0.25,Stable long-term contributors,Medium,0.525,True
2285,43,Research & Development,Research Director,Medical,2,6,2,2,0,1,3,11,3,4,4,1,4699,9,Male,Married,No,2,1,0.5,1.0,1.5,0.0,High-risk stagnation profiles,High,0.6000000000000001,False
2286,19,Research & Development,Manufacturing Director,Other,2,0,1,0,1,0,6,20,4,2,3,3,5304,18,Female,Divorced,No,6,0,0.0,0.0,6.0,1.0,Fast-track performers,Low,0.1,False
2287,26,Research & Development,Manufacturing Director,Medical,1,4,4,0,1,0,3,17,3,4,1,3,2618,7,Female,Divorced,No,2,0,0.0,0.0,0.75,0.25,Fast-track performers,Low,0.05,False
2288,26,Research & Development,Laboratory Technician,Technical Degree,1,3,0,0,0,0,3,22,3,1,4,3,3138,23,Male,Single,No,1,0,0.0,0.0,3.0,0.0,Fast-track performers,Low,0.0,False
2289,57,Human Resources,Manager,Other,1,24,20,1,19,1,3,21,3,2,2,4,4515,24,Female,Married,Yes,6,0,0.05,0.05,0.15,0.95,Fast-track performers,Medium,0.22,True
2290,34,Research & Development,Research Director,Medical,4,8,2,2,2,2,2,12,4,3,2,1,8857,29,Male,Divorced,Yes,2,0,1.0,1.0,1.0,1.0,High-risk stagnation profiles,High,0.9,True
2291,18,Human Resources,Human Resources,Life Sciences,1,0,0,0,0,0,4,13,3,2,4,3,2004,5,Female,Single,Yes,4,0,0.0,0.0,4.0,0.0,Fast-track performers,Low,0.0,False
2292,42,Research & Development,Research Scientist,Marketing,1,6,2,0,0,0,2,24,3,3,4,2,2993,11,Female,Married,No,6,0,0.0,0.0,1.0,0.0,Fast-track performers,Low,0.0,False
2293,60,Research & Development,Healthcare Representative,Marketing,3,33,4,0,4,0,1,19,3,2,2,3,9132,13,Female,Single,No,1,0,0.0,0.0,0.25,1.0,Fast-track performers,Low,0.17500000000000002,False
2294,57,Research & Development,Manufacturing Director,Marketing,1,20,19,11,7,5,3,25,3,3,3,1,3032,3,Male,Single,No,7,1,0.2631578947368421,0.5789473684210527,0.15789473684210525,0.3684210526315789,Fast-track performers,Medium,0.4578947368421053,False
2296,42,Sales,Sales Representative,Medical,1,9,6,0,0,0,1,19,4,1,4,4,2876,4,Male,Married,No,3,1,0.0,0.0,0.16666666666666666,0.0,Stable long-term contributors,Low,0.08333333333333334,False
2297,56,Research & Development,Laboratory Technician,Human Resources,5,22,14,5,6,3,6,12,3,4,1,4,11310,19,Male,Married,No,3,0,0.21428571428571427,0.35714285714285715,0.42857142857142855,0.42857142857142855,Fast-track performers,Medium,0.3285714285714286,True
2298,52,Research & Development,Healthcare Representative,Human Resources,4,21,20,14,11,7,3,13,3,2,3,2,11804,18,Male,Single,Yes,7,1,0.35,0.7,0.15,0.55,High-risk stagnation profiles,High,0.5599999999999999,False
2299,20,Research & Development,Research Director,Human Resources,4,0,1,1,0,1,2,21,3,2,4,3,11476,6,Female,Single,Yes,0,1,1.0,1.0,2.0,0.0,High-risk stagnation profiles,High,0.8,False
2300,54,Research & Development,Manufacturing Director,Other,2,13,6,0,0,0,3,22,3,4,2,1,6020,23,Male,Divorced,No,8,0,0.0,0.0,0.5,0.0,Fast-track performers,Low,0.05,False
2301,47,Research & Development,Research Director,Technical Degree,3,14,0,0,0,0,4,19,4,3,4,4,9874,10,Male,Married,Yes,5,0,0.0,0.0,4.0,0.0,Fast-track performers,Low,0.0,False
2302,55,Research & Development,Manufacturing Director,Life Sciences,1,17,5,1,0,1,3,11,4,3,4,3,3200,7,Male,Single,No,3,0,0.2,0.2,0.6,0.0,Fast-track performers,Medium,0.20000000000000004,True
2303,51,Sales,Sales Executive,Life Sciences,1,23,14,12,14,9,2,12,3,1,2,3,4240,12,Male,Divorced,No,5,0,0.6428571428571429,0.8571428571428571,0.14285714285714285,1.0,Stable long-term contributors,High,0.7857142857142858,False
2304,29,Research & Development,Healthcare Representative,Marketing,1,7,7,4,7,4,1,21,3,4,4,3,3034,8,Male,Married,No,5,0,0.5714285714285714,0.5714285714285714,0.14285714285714285,1.0,High-risk stagnation profiles,High,0.6428571428571428,True
2305,36,Research & Development,Laboratory Technician,Marketing,2,12,6,0,0,0,3,12,3,3,2,1,6435,13,Female,Married,No,8,0,0.0,0.0,0.5,0.0,Fast-track performers,Low,0.05,False
2306,54,Research & Development,Healthcare Representative,Human Resources,2,13,1,0,1,0,3,20,3,1,4,3,6354,18,Male,Married,No,3,0,0.0,0.0,3.0,1.0,Fast-track performers,Low,0.1,False
2307,34,Research & Development,Manager,Human Resources,2,15,13,1,0,1,4,24,3,3,4,2,6744,14,Male,Single,No,7,0,0.07692307692307693,0.07692307692307693,0.3076923076923077,0.0,Fast-track performers,Low,0.13076923076923078,False
2308,27,Human Resources,Human Resources,Marketing,1,7,4,1,3,0,5,13,3,4,2,4,3152,11,Female,Married,No,0,1,0.0,0.25,1.25,0.75,Fast-track performers,Low,0.17500000000000002,False
2309,29,Research & Development,Laboratory Technician,Medical,2,5,5,1,1,1,2,20,3,3,4,4,4301,28,Female,Married,No,5,0,0.2,0.2,0.4,0.2,Fast-track performers,Medium,0.24000000000000005,True
2310,33,Research & Development,Healthcare Representative,Technical Degree,3,3,2,1,0,1,5,13,3,1,4,3,8467,10,Female,Single,No,4,1,0.5,0.5,2.5,0.0,High-risk stagnation profiles,Medium,0.4,False
2311,41,Research & Development,Manager,Technical Degree,2,6,4,3,3,3,5,20,3,3,3,4,6072,29,Female,Married,No,2,0,0.75,0.75,1.25,0.75,High-risk stagnation profiles,High,0.675,True
2312,36,Research & Development,Research Scientist,Technical Degree,3,9,5,0,3,0,5,23,3,2,2,2,10192,6,Male,Married,No,3,0,0.0,0.0,1.0,0.6,Fast-track performers,Low,0.06,False
2313,25,Research & Development,Manager,Technical Degree,1,6,4,4,4,2,6,12,3,3,1,4,3063,13,Female,Married,No,7,0,0.5,1.0,1.5,1.0,High-risk stagnation profiles,High,0.7000000000000001,True
2314,48,Human Resources,Human Resources,Marketing,3,20,4,1,3,1,4,18,3,4,3,2,9151,22,Male,Single,No,9,0,0.25,0.25,1.0,0.75,Fast-track performers,Medium,0.275,True
2315,38,Sales,Manager,Life Sciences,2,8,3,3,2,2,3,18,4,3,4,3,5681,10,Female,Divorced,No,1,0,0.6666666666666666,1.0,1.0,0.6666666666666666,High-risk stagnation profiles,High,0.7333333333333334,True
2316,34,Human Resources,Human Resources,Marketing,1,10,0,0,0,0,3,18,3,3,4,3,3494,12,Female,Divorced,Yes,7,1,0.0,0.0,3.0,0.0,Fast-track performers,Low,0.0,False
2317,40,Research & Development,Laboratory Technician,Technical Degree,1,8,1,0,1,0,3,12,4,4,3,1,3590,1,Female,Single,No,6,0,0.0,0.0,3.0,1.0,Fast-track performers,Low,0.1,False
2318,54,Research & Development,Manufacturing Director,Marketing,2,21,14,14,10,9,5,25,4,3,3,3,7649,18,Female,Divorced,No,0,0,0.6428571428571429,1.0,0.35714285714285715,0.7142857142857143,High-risk stagnation profiles,High,0.7928571428571429,True
2319,33,Research & Development,Manager,Technical Degree,4,12,6,6,0,5,3,23,3,3,2,1,11540,13,Male,Married,No,1,1,0.8333333333333334,1.0,0.5,0.0,High-risk stagnation profiles,High,0.7833333333333334,False
2320,23,Research & Development,Laboratory Technician,Other,2,6,1,0,0,0,2,19,3,2,2,4,4136,25,Male,Married,No,6,0,0.0,0.0,2.0,0.0,Fast-track performers,Low,0.0,False
2321,25,Sales,Manager,Human Resources,1,0,0,0,0,0,1,21,4,3,3,2,2817,24,Female,Divorced,No,2,1,0.0,0.0,1.0,0.0,Fast-track performers,Low,0.0,False
2322,42,Research & Development,Manufacturing Director,Life Sciences,4,13,4,3,0,1,4,17,3,3,3,3,12035,28,Male,Single,No,1,0,0.25,0.75,1.0,0.0,High-risk stagnation profiles,Medium,0.4,True
2323,35,Sales,Sales Executive,Other,3,6,4,4,0,3,4,22,4,3,3,3,9151,29,Male,Single,No,0,0,0.75,1.0,1.0,0.0,Stable long-term contributors,High,0.7000000000000001,True
2324,42,Sales,Sales Executive,Medical,2,16,12,5,3,4,3,15,3,4,4,2,5172,4,Female,Single,No,6,0,0.3333333333333333,0.4166666666666667,0.25,0.25,Stable long-term contributors,Medium,0.4000000000000001,True
2325,29,Research & Development,Research Scientist,Marketing,2,11,7,6,3,4,2,17,3,4,3,3,6328,6,Male,Married,Yes,2,0,0.5714285714285714,0.8571428571428571,0.2857142857142857,0.42857142857142855,High-risk stagnation profiles,High,0.6857142857142856,True
2326,32,Research & Development,Manufacturing Director,Medical,1,8,5,4,0,4,4,18,3,4,3,3,2619,18,Female,Married,No,5,0,0.8,0.8,0.8,0.0,High-risk stagnation profiles,High,0.6600000000000001,True
2327,43,Sales,Manager,Marketing,2,9,4,1,1,1,0,19,3,3,1,2,6377,28,Female,Married,Yes,9,1,0.25,0.25,0.0,0.25,Stable long-term contributors,Medium,0.32500000000000007,False
2328,58,Research & Development,Research Scientist,Human Resources,2,22,1,1,1,1,3,12,4,3,4,3,5197,5,Male,Single,No,7,0,1.0,1.0,3.0,1.0,High-risk stagnation profiles,High,0.9,True
2329,43,Sales,Sales Executive,Other,5,17,8,8,4,3,3,16,3,2,4,2,14526,18,Male,Married,No,5,0,0.375,1.0,0.375,0.5,Stable long-term contributors,High,0.6625000000000001,True
2330,49,Research & Development,Manager,Human Resources,2,13,0,0,0,0,6,19,3,2,4,2,5410,29,Male,Single,No,6,0,0.0,0.0,6.0,0.0,Fast-track performers,Low,0.0,False
2331,27,Research & Development,Laboratory Technician,Technical Degree,2,6,2,0,2,0,3,23,3,4,3,3,3873,5,Female,Married,No,5,0,0.0,0.0,1.5,1.0,Fast-track performers,Low,0.1,False
2332,33,Research & Development,Manager,Human Resources,2,11,1,0,0,0,3,16,3,3,3,3,6132,7,Male,Single,No,6,0,0.0,0.0,3.0,0.0,Fast-track performers,Low,0.0,False
2333,24,Human Resources,Human Resources,Human Resources,4,4,4,1,0,1,4,12,3,4,3,4,8162,23,Male,Married,Yes,4,0,0.25,0.25,1.0,0.0,Fast-track performers,Medium,0.2,True
2334,34,Research & Development,Research Scientist,Technical Degree,3,6,0,0,0,0,3,11,3,1,2,4,8523,9,Female,Divorced,No,8,0,0.0,0.0,3.0,0.0,Fast-track performers,Low,0.0,False
2335,40,Sales,Manager,Marketing,2,15,11,10,6,7,2,22,3,3,4,3,6825,3,Male,Single,No,2,0,0.6363636363636364,0.9090909090909091,0.18181818181818182,0.5454545454545454,Stable long-term contributors,High,0.7545454545454545,True
2336,43,Research & Development,Healthcare Representative,Technical Degree,3,15,3,0,0,0,3,13,3,3,4,3,10606,12,Male,Divorced,No,5,0,0.0,0.0,1.0,0.0,Fast-track performers,Low,0.0,False
2337,38,Sales,Sales Executive,Other,2,8,3,3,0,2,5,21,3,3,2,2,4952,20,Female,Divorced,No,8,0,0.6666666666666666,1.0,1.6666666666666667,0.0,Stable long-term contributors,High,0.6666666666666667,True
2338,39,Sales,Manager,Human Resources,2,10,4,4,4,4,3,15,3,4,1,2,6624,25,Female,Divorced,No,0,1,1.0,1.0,0.75,1.0,High-risk stagnation profiles,High,0.925,False
2339,24,Research & Development,Healthcare Representative,Technical Degree,1,3,0,0,0,0,4,17,4,4,4,3,2502,14,Male,Married,No,4,0,0.0,0.0,4.0,0.0,Fast-track performers,Low,0.0,False
2340,31,Research & Development,Manager,Human Resources,2,6,2,2,0,1,6,20,3,1,2,4,6430,8,Male,Married,No,3,0,0.5,1.0,3.0,0.0,High-risk stagnation profiles,High,0.6000000000000001,False
2341,32,Sales,Sales Representative,Other,1,5,2,1,2,1,4,20,3,1,3,2,3106,12,Male,Married,No,8,1,0.5,0.5,2.0,1.0,Stable long-term contributors,Medium,0.5,False
2342,24,Research & Development,Laboratory Technician,Medical,4,1,0,0,0,0,4,13,3,1,4,2,7689,7,Female,Married,No,0,0,0.0,0.0,4.0,0.0,Fast-track performers,Low,0.0,False
2343,26,Sales,Manager,Other,1,4,3,1,3,1,4,19,3,4,2,3,2576,24,Male,Married,No,3,0,0.3333333333333333,0.3333333333333333,1.3333333333333333,1.0,Stable long-term contributors,Medium,0.3666666666666667,True
2344,25,Research & Development,Research Scientist,Life Sciences,5,5,4,1,3,0,5,20,3,3,4,1,11776,9,Female,Married,No,0,0,0.0,0.25,1.25,0.75,Fast-track performers,Low,0.17500000000000002,False
2345,40,Sales,Sales Executive,Life Sciences,2,17,11,3,10,1,6,22,3,4,3,3,6875,12,Male,Married,No,2,0,0.09090909090909091,0.2727272727272727,0.5454545454545454,0.9090909090909091,Stable long-term contributors,Medium,0.28181818181818186,True
2346,46,Sales,Sales Representative,Life Sciences,2,18,18,1,6,1,6,14,3,3,4,3,5946,4,Male,Single,No,3,0,0.05555555555555555,0.05555555555555555,0.3333333333333333,0.3333333333333333,Stable long-term contributors,Low,0.14444444444444446,False
2347,35,Sales,Sales Representative,Human Resources,2,8,1,1,1,1,3,20,3,3,4,3,6138,5,Male,Single,No,0,1,1.0,1.0,3.0,1.0,Stable long-term contributors,High,0.9,False
2348,48,Research & Development,Laboratory Technician,Marketing,1,10,7,2,2,1,3,12,3,4,4,2,3433,9,Female,Divorced,No,4,0,0.14285714285714285,0.2857142857142857,0.42857142857142855,0.2857142857142857,Fast-track performers,Medium,0.2571428571428571,True
2349,47,Research & Development,Healthcare Representative,Marketing,2,20,0,0,0,0,1,13,3,3,1,4,7774,7,Male,Divorced,No,5,0,0.0,0.0,1.0,0.0,Fast-track performers,Low,0.0,False
2350,56,Research & Development,Laboratory Technician,Marketing,1,15,8,8,7,4,3,15,3,3,2,1,4417,14,Male,Married,No,0,0,0.5,1.0,0.375,0.875,High-risk stagnation profiles,High,0.7500000000000001,True
2351,52,Research & Development,Research Scientist,Human Resources,2,13,10,6,10,4,5,13,4,1,1,4,5956,20,Male,Single,No,9,0,0.4,0.6,0.5,1.0,High-risk stagnation profiles,Medium,0.55,False
2352,35,Research & Development,Manufacturing Director,Other,2,11,6,5,1,2,5,15,3,3,3,3,6587,22,Female,Divorced,Yes,9,0,0.3333333333333333,0.8333333333333334,0.8333333333333334,0.16666666666666666,High-risk stagnation profiles,Medium,0.5,True
2353,59,Research & Development,Manufacturing Director,Marketing,3,22,11,10,4,7,3,14,3,3,4,4,10670,27,Male,Single,No,3,0,0.6363636363636364,0.9090909090909091,0.2727272727272727,0.36363636363636365,High-risk stagnation profiles,High,0.7272727272727273,True
2354,56,Sales,Manager,Medical,1,24,9,2,9,2,3,23,3,3,3,3,4865,17,Female,Married,No,3,0,0.2222222222222222,0.2222222222222222,0.3333333333333333,1.0,Fast-track performers,Medium,0.34444444444444444,True
2355,34,Research & Development,Healthcare Representative,Life Sciences,1,5,4,4,2,3,3,21,3,4,4,2,2261,1,Male,Single,No,0,0,0.75,1.0,0.75,0.5,High-risk stagnation profiles,High,0.7750000000000001,True
2356,31,Research & Development,Manager,Other,2,5,3,2,2,1,3,20,3,4,2,4,4672,25,Female,Married,No,1,0,0.3333333333333333,0.6666666666666666,1.0,0.6666666666666666,High-risk stagnation profiles,Medium,0.4666666666666667,True
2357,48,Sales,Sales Representative,Life Sciences,5,12,10,7,2,6,4,23,3,4,2,3,11885,15,Female,Married,No,9,0,0.6,0.7,0.4,0.2,Stable long-term contributors,High,0.6000000000000001,True
2358,41,Research & Development,Manager,Marketing,3,19,3,0,3,0,3,13,3,3,4,1,7990,24,Male,Divorced,No,4,1,0.0,0.0,1.0,1.0,Fast-track performers,Low,0.1,False
2359,52,Research & Development,Manufacturing Director,Other,2,22,18,12,14,7,2,22,3,4,3,2,5105,15,Female,Married,No,1,1,0.3888888888888889,0.6666666666666666,0.1111111111111111,0.7777777777777778,High-risk stagnation profiles,High,0.5888888888888888,False
2360,51,Human Resources,Manager,Technical Degree,2,22,5,5,4,3,3,16,4,3,4,3,6353,29,Male,Divorced,No,2,0,0.6,1.0,0.6,0.8,High-risk stagnation profiles,High,0.76,True
2361,20,Sales,Sales Representative,Medical,1,4,0,0,0,0,2,18,3,2,2,3,2918,1,Female,Married,No,8,0,0.0,0.0,2.0,0.0,Stable long-term contributors,Low,0.0,False
2362,54,Research & Development,Manager,Marketing,5,10,8,3,7,2,6,23,3,2,4,3,13332,29,Male,Married,Yes,4,0,0.25,0.375,0.75,0.875,Fast-track performers,Medium,0.36250000000000004,True
2364,57,Sales,Sales Executive,Medical,1,17,9,2,4,2,5,14,3,2,4,3,2634,27,Male,Single,No,4,0,0.2222222222222222,0.2222222222222222,0.5555555555555556,0.4444444444444444,Stable long-term contributors,Medium,0.26666666666666666,True
2365,43,Research & Development,Laboratory Technician,Medical,2,13,4,1,2,1,2,19,3,3,1,3,6735,2,Male,Married,No,2,0,0.25,0.25,0.5,0.5,Fast-track performers,Medium,0.3,True
2366,40,Research & Development,Research Director,Technical Degree,1,12,10,2,4,2,2,16,3,4,3,3,4086,29,Male,Divorced,No,0,0,0.2,0.2,0.2,0.4,Fast-track performers,Medium,0.28,True
2367,56,Research & Development,Research Scientist,Marketing,5,13,12,11,9,9,3,15,3,2,4,2,14367,4,Female,Single,No,2,0,0.75,0.9166666666666666,0.25,0.75,High-risk stagnation profiles,High,0.8166666666666667,True
2368,32,Research & Development,Manager,Human Resources,1,11,8,6,1,3,4,13,3,4,4,4,3994,17,Male,Single,No,5,0,0.375,0.75,0.5,0.125,High-risk stagnation profiles,Medium,0.5125000000000001,True
2369,21,Research & Development,Laboratory Technician,Marketing,2,2,1,1,1,1,3,15,3,2,1,1,4148,16,Female,Single,Yes,9,0,1.0,1.0,3.0,1.0,High-risk stagnation profiles,High,0.9,True
2370,46,Research & Development,Healthcare Representative,Life Sciences,1,12,1,0,0,0,2,15,4,2,2,3,3982,18,Female,Divorced,No,4,0,0.0,0.0,2.0,0.0,Fast-track performers,Low,0.0,False
2371,39,Research & Development,Manager,Other,3,6,4,4,2,4,0,24,3,3,3,3,6263,21,Female,Single,Yes,0,0,1.0,1.0,0.0,0.5,High-risk stagnation profiles,High,0.9500000000000001,True
2372,42,Sales,Sales Representative,Other,3,9,0,0,0,0,3,25,3,4,2,3,7586,16,Female,Single,No,1,0,0.0,0.0,3.0,0.0,Fast-track performers,Low,0.0,False
2373,30,Research & Development,Manufacturing Director,Life Sciences,3,9,7,6,4,6,1,22,3,1,4,1,7461,8,Male,Single,No,4,0,0.8571428571428571,0.8571428571428571,0.14285714285714285,0.5714285714285714,High-risk stagnation profiles,High,0.8285714285714286,False
2374,35,Sales,Manager,Other,2,7,4,0,3,0,3,22,3,2,2,1,5624,6,Male,Single,Yes,8,0,0.0,0.0,0.75,0.75,Fast-track performers,Low,0.1,False
2375,50,Sales,Sales Representative,Medical,4,15,11,11,6,6,4,14,4,3,2,3,10093,22,Male,Married,Yes,4,0,0.5454545454545454,1.0,0.36363636363636365,0.5454545454545454,Stable long-term contributors,High,0.7363636363636363,True
2376,33,Research & Development,Healthcare Representative,Other,1,9,9,2,1,1,1,22,3,2,4,4,3293,20,Female,Divorced,No,4,1,0.1111111111111111,0.2222222222222222,0.1111111111111111,0.1111111111111111,Fast-track performers,Medium,0.2333333333333333,False
2377,59,Research & Development,Research Director,Other,1,29,1,0,1,0,1,16,3,4,3,3,4626,2,Male,Single,No,0,0,0.0,0.0,1.0,1.0,Fast-track performers,Low,0.1,False
2378,19,Research & Development,Laboratory Technician,Life Sciences,1,0,1,0,0,0,1,13,3,3,4,3,3005,19,Female,Single,Yes,4,0,0.0,0.0,1.0,0.0,Fast-track performers,Low,0.0,False
2379,52,Research & Development,Manager,Technical Degree,5,17,8,7,5,7,6,20,3,2,4,2,14549,13,Female,Divorced,No,7,0,0.875,0.875,0.75,0.625,High-risk stagnation profiles,High,0.7875000000000001,True
2380,59,Sales,Sales Executive,Other,2,22,1,1,0,1,3,11,4,4,1,2,5703,22,Female,Divorced,No,8,1,1.0,1.0,3.0,0.0,Stable long-term contributors,High,0.8,False
2381,51,Research & Development,Healthcare Representative,Human Resources,3,13,6,5,4,4,5,17,3,2,4,1,7945,22,Male,Married,No,9,0,0.6666666666666666,0.8333333333333334,0.8333333333333334,0.6666666666666666,High-risk stagnation profiles,High,0.6833333333333333,True
2382,47,Human Resources,Manager,Other,3,21,21,7,3,4,2,17,4,4,2,2,10079,21,Male,Single,No,2,1,0.19047619047619047,0.3333333333333333,0.09523809523809523,0.14285714285714285,Fast-track performers,Medium,0.31428571428571433,False
2383,30,Research & Development,Manager,Technical Degree,1,8,6,4,5,2,4,22,3,4,3,3,3036,6,Female,Divorced,No,3,0,0.3333333333333333,0.6666666666666666,0.6666666666666666,0.8333333333333334,High-risk stagnation profiles,Medium,0.5166666666666667,True
2384,30,Research & Development,Manager,Life Sciences,1,7,2,1,1,1,2,14,3,4,1,2,3112,27,Female,Married,Yes,6,1,0.5,0.5,1.0,0.5,High-risk stagnation profiles,Medium,0.45,False
2385,35,Research & Development,Manufacturing Director,Technical Degree,1,13,0,0,0,0,3,19,3,3,1,1,3704,6,Female,Divorced,Yes,6,0,0.0,0.0,3.0,0.0,Fast-track performers,Low,0.0,False
2386,49,Research & Development,Research Director,Life Sciences,2,15,3,2,0,1,4,22,3,3,2,3,5764,13,Female,Married,No,0,1,0.3333333333333333,0.6666666666666666,1.3333333333333333,0.0,High-risk stagnation profiles,Medium,0.4,False
2387,49,Research & Development,Manufacturing Director,Medical,1,16,12,3,9,3,4,12,3,2,2,4,3336,1,Female,Married,Yes,5,0,0.25,0.25,0.3333333333333333,0.75,Fast-track performers,Medium,0.34166666666666673,True
2388,52,Research & Development,Manufacturing Director,Life Sciences,1,14,6,5,6,5,4,25,3,4,4,4,3196,22,Male,Married,No,8,0,0.8333333333333334,0.8333333333333334,0.6666666666666666,1.0,High-risk stagnation profiles,High,0.8,True
2389,56,Research & Development,Research Director,Medical,4,29,15,15,0,7,4,23,3,3,4,3,9838,21,Female,Divorced,Yes,4,0,0.4666666666666667,1.0,0.26666666666666666,0.0,High-risk stagnation profiles,High,0.66,True
2390,46,Research & Development,Research Scientist,Medical,5,13,0,0,0,0,2,11,3,3,4,1,12073,24,Female,Divorced,Yes,7,0,0.0,0.0,2.0,0.0,Fast-track performers,Low,0.0,False
2391,46,Human Resources,Human Resources,Life Sciences,1,14,12,3,7,2,3,25,3,4,3,3,2955,9,Male,Single,Yes,9,0,0.16666666666666666,0.25,0.25,0.5833333333333334,Fast-track performers,Medium,0.30000000000000004,True
2392,33,Research & Development,Manufacturing Director,Human Resources,1,9,0,0,0,0,3,13,4,1,2,2,2682,22,Male,Married,No,8,0,0.0,0.0,3.0,0.0,Fast-track performers,Low,0.0,False
2393,27,Sales,Sales Executive,Marketing,1,5,2,1,2,1,5,17,3,4,2,3,2603,29,Female,Married,No,9,1,0.5,0.5,2.5,1.0,Stable long-term contributors,Medium,0.5,False
2394,47,Sales,Sales Representative,Life Sciences,3,12,5,0,1,0,2,19,3,4,2,3,10188,12,Female,Divorced,Yes,9,0,0.0,0.0,0.4,0.2,Stable long-term contributors,Low,0.08,False
2395,42,Sales,Sales Executive,Other,4,16,2,2,2,1,5,12,3,3,2,3,11269,12,Male,Married,No,2,0,0.5,1.0,2.5,1.0,Stable long-term contributors,High,0.7000000000000001,True
2396,56,Research & Development,Research Scientist,Human Resources,1,19,11,5,8,3,3,16,4,3,4,4,4168,26,Male,Divorced,No,0,0,0.2727272727272727,0.45454545454545453,0.2727272727272727,0.7272727272727273,Fast-track performers,Medium,0.4363636363636364,True
2397,37,Sales,Manager,Human Resources,1,12,4,2,0,1,4,13,3,3,3,3,2512,4,Female,Married,No,1,1,0.25,0.5,1.0,0.0,Stable long-term contributors,Medium,0.30000000000000004,False
2398,22,Research & Development,Research Director,Other,3,3,0,0,0,0,2,15,3,4,3,3,5982,19,Male,Single,Yes,4,0,0.0,0.0,2.0,0.0,Fast-track performers,Low,0.0,False
2399,18,Research & Development,Manager,Marketing,2,0,1,0,1,0,3,22,3,1,1,2,5881,16,Male,Single,Yes,9,1,0.0,0.0,3.0,1.0,Fast-track performers,Low,0.1,False
2400,47,Research & Development,Manager,Human Resources,1,15,9,2,7,2,4,19,3,3,1,4,3716,26,Female,Single,No,6,0,0.2222222222222222,0.2222222222222222,0.4444444444444444,0.7777777777777778,Fast-track performers,Medium,0.3111111111111111,True
2401,20,Sales,Manager,Medical,2,0,1,0,1,0,3,13,3,4,2,2,4135,12,Male,Married,No,5,0,0.0,0.0,3.0,1.0,Fast-track performers,Low,0.1,False
2402,31,Research & Development,Research Director,Marketing,1,4,3,2,2,2,5,11,4,4,1,4,2607,1,Female,Divorced,No,3,0,0.6666666666666666,0.6666666666666666,1.6666666666666667,0.6666666666666666,High-risk stagnation profiles,High,0.6,True
2403,47,Sales,Manager,Other,2,10,10,9,10,4,4,15,3,4,4,2,5637,23,Male,Married,No,8,0,0.4,0.9,0.4,1.0,Stable long-term contributors,High,0.68,True
2404,21,Research & Development,Healthcare Representative,Marketing,3,2,1,1,1,1,3,11,3,3,1,2,9026,21,Male,Married,Yes,3,0,1.0,1.0,3.0,1.0,High-risk stagnation profiles,High,0.9,True
2405,35,Sales,Sales Executive,Life Sciences,3,13,2,0,0,0,5,18,4,1,4,4,6255,4,Male,Divorced,No,2,0,0.0,0.0,2.5,0.0,Fast-track performers,Low,0.0,False
2406,54,Human Resources,Human Resources,Marketing,2,15,4,2,3,1,4,17,3,3,3,1,5975,9,Male,Divorced,No,4,0,0.25,0.5,1.0,0.75,Fast-track performers,Medium,0.37500000000000006,True
2407,42,Research & Development,Laboratory Technician,Medical,5,10,9,9,9,8,3,25,4,1,1,4,14511,7,Male,Married,No,3,0,0.8888888888888888,1.0,0.3333333333333333,1.0,High-risk stagnation profiles,High,0.9222222222222222,False
2408,18,Human Resources,Manager,Life Sciences,2,0,0,0,0,0,2,21,4,4,4,2,6338,10,Female,Single,No,1,0,0.0,0.0,2.0,0.0,Fast-track performers,Low,0.0,False
2409,32,Research & Development,Research Director,Technical Degree,3,6,0,0,0,0,3,12,3,4,3,4,9162,13,Male,Single,No,2,0,0.0,0.0,3.0,0.0,Fast-track performers,Low,0.0,False
2410,26,Research & Development,Manufacturing Director,Other,2,1,0,0,0,0,4,24,3,4,2,3,4421,8,Female,Married,No,6,0,0.0,0.0,4.0,0.0,Fast-track performers,Low,0.0,False
2411,32,Research & Development,Manager,Other,4,10,9,0,9,0,5,21,3,4,4,3,11624,20,Male,Married,Yes,1,0,0.0,0.0,0.5555555555555556,1.0,Fast-track performers,Low,0.14444444444444446,False
2412,41,Research & Development,Manufacturing Director,Marketing,4,7,2,2,0,1,3,19,3,3,1,3,11859,10,Female,Married,Yes,0,0,0.5,1.0,1.5,0.0,High-risk stagnation profiles,High,0.6000000000000001,True
2413,21,Research & Development,Laboratory Technician,Human Resources,1,4,3,0,2,0,2,15,3,1,2,1,3141,28,Female,Married,No,1,0,0.0,0.0,0.6666666666666666,0.6666666666666666,Fast-track performers,Low,0.1,False
2414,29,Research & Development,Laboratory Technician,Life Sciences,5,4,0,0,0,0,3,17,3,2,4,4,14974,10,Male,Divorced,No,7,0,0.0,0.0,3.0,0.0,Fast-track performers,Low,0.0,False
2415,54,Research & Development,Healthcare Representative,Technical Degree,4,15,9,8,9,5,1,14,3,1,4,2,12981,8,Male,Divorced,Yes,7,0,0.5555555555555556,0.8888888888888888,0.1111111111111111,1.0,High-risk stagnation profiles,High,0.7666666666666667,False
2416,54,Sales,Sales Representative,Life Sciences,3,24,20,11,13,8,4,22,3,4,2,3,7258,20,Female,Divorced,No,9,0,0.4,0.55,0.2,0.65,Stable long-term contributors,Medium,0.5250000000000001,True
2417,60,Sales,Sales Representative,Other,1,14,0,0,0,0,4,23,3,2,1,3,2895,15,Female,Divorced,No,1,0,0.0,0.0,4.0,0.0,Fast-track performers,Low,0.0,False
2418,23,Sales,Manager,Life Sciences,3,1,1,0,1,0,3,11,3,4,4,3,8786,1,Male,Single,No,5,0,0.0,0.0,3.0,1.0,Fast-track performers,Low,0.1,False
2419,56,Sales,Sales Representative,Technical Degree,4,23,15,7,5,5,5,24,3,4,2,2,10255,27,Male,Single,No,6,0,0.3333333333333333,0.4666666666666667,0.3333333333333333,0.3333333333333333,Stable long-term contributors,Medium,0.42000000000000004,True
2420,41,Sales,Sales Representative,Human Resources,1,10,9,8,0,5,3,18,4,3,2,2,2480,15,Female,Married,No,0,0,0.5555555555555556,0.8888888888888888,0.3333333333333333,0.0,Stable long-term contributors,High,0.6444444444444445,True
2421,28,Research & Development,Laboratory Technician,Marketing,5,4,1,1,0,1,3,23,3,1,3,2,11971,24,Female,Married,Yes,6,1,1.0,1.0,3.0,0.0,High-risk stagnation profiles,High,0.8,False
2422,30,Research & Development,Healthcare Representative,Medical,1,4,0,0,0,0,2,11,3,2,4,4,3243,17,Male,Married,No,7,0,0.0,0.0,2.0,0.0,Fast-track performers,Low,0.0,False
2423,51,Sales,Manager,Life Sciences,1,18,12,12,4,10,3,13,3,2,1,1,3338,13,Female,Single,No,8,0,0.8333333333333334,1.0,0.25,0.3333333333333333,High-risk stagnation profiles,High,0.8416666666666667,True
2424,42,Research & Development,Research Director,Medical,2,16,0,0,0,0,5,16,3,4,4,4,6624,12,Male,Divorced,Yes,7,0,0.0,0.0,5.0,0.0,Fast-track performers,Low,0.0,False
2425,24,Sales,Manager,Other,2,4,0,0,0,0,2,18,3,1,3,2,3839,3,Male,Married,No,2,0,0.0,0.0,2.0,0.0,Fast-track performers,Low,0.0,False
2426,21,Research & Development,Research Director,Marketing,2,0,1,0,1,0,3,18,4,4,3,2,3907,23,Female,Divorced,No,7,0,0.0,0.0,3.0,1.0,Fast-track performers,Low,0.1,False
2427,25,Research & Development,Manager,Marketing,1,0,0,0,0,0,3,12,3,4,4,3,2291,19,Female,Married,Yes,2,0,0.0,0.0,3.0,0.0,Fast-track performers,Low,0.0,False
2428,37,Research & Development,Research Scientist,Life Sciences,5,6,5,3,3,2,2,19,3,2,4,1,10035,29,Male,Single,No,5,1,0.4,0.6,0.4,0.6,High-risk stagnation profiles,Medium,0.52,False
2429,46,Research & Development,Healthcare Representative,Human Resources,1,16,13,4,3,4,2,14,3,4,2,3,4091,24,Male,Single,No,3,0,0.3076923076923077,0.3076923076923077,0.15384615384615385,0.23076923076923078,Fast-track performers,Medium,0.3538461538461539,True
2430,27,Research & Development,Manufacturing Director,Marketing,1,6,5,3,0,3,2,14,3,4,1,4,3274,5,Female,Single,No,6,0,0.6,0.6,0.4,0.0,High-risk stagnation profiles,Medium,0.54,True
2432,51,Research & Development,Research Director,Life Sciences,2,19,10,4,10,3,4,24,3,2,4,3,5692,21,Female,Married,No,9,1,0.3,0.4,0.4,1.0,Fast-track performers,Medium,0.44000000000000006,False
2433,43,Research & Development,Manager,Medical,5,13,5,3,4,2,3,12,3,2,3,3,13424,5,Male,Single,Yes,5,1,0.4,0.6,0.6,0.8,High-risk stagnation profiles,Medium,0.52,False
2434,58,Sales,Sales Representative,Marketing,3,17,10,2,7,2,4,11,3,2,3,2,7598,24,Male,Divorced,Yes,9,0,0.2,0.2,0.4,0.7,Stable long-term contributors,Medium,0.29000000000000004,True
2435,20,Sales,Manager,Life Sciences,4,1,0,0,0,0,0,20,3,3,4,2,8857,28,Male,Single,No,3,0,0.0,0.0,0.0,0.0,Fast-track performers,Low,0.1,False
2436,23,Research & Development,Healthcare Representative,Medical,1,5,3,0,0,0,3,17,3,4,4,4,2766,9,Female,Single,No,7,0,0.0,0.0,1.0,0.0,Fast-track performers,Low,0.0,False
2437,22,Sales,Sales Executive,Technical Degree,2,0,1,0,1,0,2,21,3,4,4,2,5658,6,Male,Divorced,No,6,0,0.0,0.0,2.0,1.0,Stable long-term contributors,Low,0.1,False
2438,22,Research & Development,Healthcare Representative,Medical,2,4,1,1,1,1,1,20,3,4,3,4,4113,16,Female,Married,No,9,0,1.0,1.0,1.0,1.0,High-risk stagnation profiles,High,0.9,True
2439,40,Research & Development,Research Director,Medical,2,11,4,4,4,3,5,13,3,1,2,3,5269,10,Male,Married,No,7,0,0.75,1.0,1.25,1.0,High-risk stagnation profiles,High,0.8,False
2440,26,Research & Development,Research Director,Life Sciences,1,0,0,0,0,0,2,14,3,1,3,1,3097,16,Male,Married,No,9,0,0.0,0.0,2.0,0.0,Fast-track performers,Low,0.0,False
2441,52,Sales,Sales Executive,Other,3,21,3,1,2,1,4,21,3,4,3,3,8573,3,Female,Single,No,6,0,0.3333333333333333,0.3333333333333333,1.3333333333333333,0.6666666666666666,Stable long-term contributors,Medium,0.3333333333333333,True
2442,37,Sales,Sales Representative,Other,2,18,16,8,15,7,3,19,3,2,3,4,7308,18,Male,Married,Yes,2,0,0.4375,0.5,0.1875,0.9375,Stable long-term contributors,Medium,0.55,True
2443,59,Research & Development,Manager,Human Resources,3,28,27,0,13,0,0,16,3,2,3,3,11966,11,Female,Married,No,2,0,0.0,0.0,0.0,0.48148148148148145,Fast-track performers,Low,0.14814814814814814,False
2444,52,Sales,Manager,Other,2,22,21,11,2,7,4,24,3,3,2,3,6209,19,Male,Single,No,8,0,0.3333333333333333,0.5238095238095238,0.19047619047619047,0.09523809523809523,Stable long-term contributors,Medium,0.43333333333333335,True
2445,35,Research & Development,Laboratory Technician,Medical,1,7,5,1,4,1,3,11,3,1,3,4,2573,25,Male,Married,No,6,0,0.2,0.2,0.6,0.8,Fast-track performers,Medium,0.28,False
2446,34,Research & Development,Manager,Human Resources,2,10,6,5,1,4,3,19,3,3,4,2,6395,23,Female,Divorced,No,0,0,0.6666666666666666,0.8333333333333334,0.5,0.16666666666666666,High-risk stagnation profiles,High,0.6666666666666669,True
2447,41,Research & Development,Manager,Life Sciences,1,9,7,5,2,4,2,19,4,2,4,4,2770,15,Female,Single,No,2,1,0.5714285714285714,0.7142857142857143,0.2857142857142857,0.2857142857142857,High-risk stagnation profiles,High,0.6142857142857143,False
2448,20,Research & Development,Laboratory Technician,Marketing,4,0,0,0,0,0,1,15,4,3,3,4,8611,11,Male,Divorced,No,0,0,0.0,0.0,1.0,0.0,Fast-track performers,Low,0.0,False
2449,49,Research & Development,Manufacturing Director,Medical,2,21,2,0,1,0,5,18,3,4,2,3,6869,27,Male,Single,No,5,0,0.0,0.0,2.5,0.5,Fast-track performers,Low,0.05,False
2450,52,Research & Development,Healthcare Representative,Medical,1,17,5,5,4,2,3,17,3,2,3,4,3821,25,Female,Divorced,Yes,1,1,0.4,1.0,0.6,0.8,High-risk stagnation profiles,High,0.6800000000000002,False
2451,55,Sales,Sales Representative,Human Resources,5,20,1,1,1,1,1,21,3,4,4,3,11469,29,Male,Divorced,Yes,6,0,1.0,1.0,1.0,1.0,Stable long-term contributors,High,0.9,True
2452,30,Research & Development,Manager,Life Sciences,2,6,4,2,3,1,5,18,3,3,3,3,5954,22,Female,Single,No,7,0,0.25,0.5,1.25,0.75,Fast-track performers,Medium,0.37500000000000006,True
2453,42,Research & Development,Research Director,Technical Degree,1,5,5,2,4,2,2,19,3,4,4,3,3175,24,Male,Divorced,No,5,1,0.4,0.4,0.4,0.8,Fast-track performers,Medium,0.4600000000000001,False
2454,26,Research & Development,Manager,Medical,2,6,0,0,0,0,2,24,4,2,3,3,4192,10,Female,Married,No,4,0,0.0,0.0,2.0,0.0,Fast-track performers,Low,0.0,False
2455,21,Research & Development,Laboratory Technician,Technical Degree,1,0,1,1,1,1,2,12,3,3,2,3,2188,27,Male,Single,No,9,1,1.0,1.0,2.0,1.0,High-risk stagnation profiles,High,0.9,False
2456,31,Research & Development,Manager,Technical Degree,3,4,2,1,2,1,3,20,3,3,4,2,6519,9,Male,Married,Yes,3,1,0.5,0.5,1.5,1.0,High-risk stagnation profiles,Medium,0.5,False
2457,54,Sales,Manager,Other,3,16,11,5,1,4,1,15,3,4,1,3,7785,3,Female,Divorced,Yes,8,0,0.36363636363636365,0.45454545454545453,0.09090909090909091,0.09090909090909091,Stable long-term contributors,Medium,0.4272727272727273,True
2458,51,Research & Development,Healthcare Representative,Life Sciences,5,16,12,5,11,3,3,18,3,3,3,2,15598,23,Male,Divorced,No,7,0,0.25,0.4166666666666667,0.25,0.9166666666666666,Fast-track performers,Medium,0.4333333333333334,True
2459,28,Sales,Sales Representative,Technical Degree,2,7,1,0,0,0,5,13,3,3,2,2,5956,9,Female,Single,Yes,4,0,0.0,0.0,5.0,0.0,Fast-track performers,Low,0.0,False
2460,58,Sales,Manager,Life Sciences,2,16,11,3,4,2,2,21,3,4,1,2,6870,18,Male,Married,No,0,1,0.18181818181818182,0.2727272727272727,0.18181818181818182,0.36363636363636365,Stable long-term contributors,Medium,0.30000000000000004,False
2461,20,Research & Development,Research Scientist,Other,3,3,3,0,0,0,3,25,3,3,3,4,5642,12,Male,Single,Yes,7,0,0.0,0.0,1.0,0.0,Fast-track performers,Low,0.0,False
2462,45,Sales,Sales Executive,Life Sciences,1,11,1,1,0,0,3,21,3,2,3,3,2820,23,Male,Married,No,7,0,0.0,1.0,3.0,0.0,Stable long-term contributors,Medium,0.4,True
2463,46,Research & Development,Laboratory Technician,Medical,2,21,8,7,6,4,3,16,3,3,4,3,5294,21,Female,Married,No,6,0,0.5,0.875,0.375,0.75,High-risk stagnation profiles,High,0.6875,True
2464,26,Research & Development,Research Scientist,Technical Degree,2,5,0,0,0,0,5,16,3,3,4,2,4785,24,Male,Single,No,6,0,0.0,0.0,5.0,0.0,Fast-track performers,Low,0.0,False
2465,20,Research & Development,Laboratory Technician,Life Sciences,1,1,0,0,0,0,3,17,4,3,4,3,2078,16,Male,Married,No,7,0,0.0,0.0,3.0,0.0,Fast-track performers,Low,0.0,False
2466,42,Research & Development,Research Director,Marketing,2,10,0,0,0,0,1,23,3,3,3,2,5581,4,Female,Divorced,No,0,0,0.0,0.0,1.0,0.0,Fast-track performers,Low,0.0,False
2467,51,Research & Development,Laboratory Technician,Life Sciences,4,14,4,1,0,1,3,21,3,4,3,2,8851,1,Male,Married,No,2,1,0.25,0.25,0.75,0.0,Fast-track performers,Medium,0.225,False
2468,29,Research & Development,Research Scientist,Technical Degree,4,4,2,2,2,1,2,13,3,4,3,3,11585,27,Male,Divorced,No,3,0,0.5,1.0,1.0,1.0,High-risk stagnation profiles,High,0.7000000000000001,True
2469,59,Research & Development,Manager,Other,1,24,23,5,20,3,4,18,3,1,3,3,3979,13,Male,Single,No,5,0,0.13043478260869565,0.21739130434782608,0.17391304347826086,0.8695652173913043,Fast-track performers,Medium,0.30869565217391304,False
2470,26,Research & Development,Research Director,Other,1,3,1,0,1,0,0,18,3,2,3,2,2844,26,Male,Divorced,Yes,9,0,0.0,0.0,0.0,1.0,Fast-track performers,Medium,0.2,True
